#
# There is insufficient memory for the Java Runtime Environment to continue.
# Native memory allocation (mmap) failed to map 234881024 bytes for G1 virtual space
# Possible reasons:
#   The system is out of physical RAM or swap space
#   The process is running with CompressedOops enabled, and the Java Heap may be blocking the growth of the native heap
# Possible solutions:
#   Reduce memory load on the system
#   Increase physical memory or swap space
#   Check if swap backing store is full
#   Decrease Java heap size (-Xmx/-Xms)
#   Decrease number of Java threads
#   Decrease Java thread stack sizes (-Xss)
#   Set larger code cache with -XX:ReservedCodeCacheSize=
#   JVM is running with Unscaled Compressed Oops mode in which the Java heap is
#     placed in the first 4GB address space. The Java Heap base address is the
#     maximum limit for the native heap growth. Please use -XX:HeapBaseMinAddress
#     to set the Java Heap base and to place the Java Heap above 4GB virtual address.
# This output file may be truncated or incomplete.
#
#  Out of Memory Error (os_windows.cpp:3548), pid=12732, tid=22452
#
# JRE version: Java(TM) SE Runtime Environment (17.0.12+8) (build 17.0.12+8-LTS-286)
# Java VM: Java HotSpot(TM) 64-Bit Server VM (17.0.12+8-LTS-286, mixed mode, sharing, tiered, compressed oops, compressed class ptrs, g1 gc, windows-amd64)
# No core dump will be written. Minidumps are not enabled by default on client versions of Windows
#

---------------  S U M M A R Y ------------

Command Line: -XX:MaxMetaspaceSize=512m --add-opens=java.base/java.util=ALL-UNNAMED --add-opens=java.base/java.lang=ALL-UNNAMED --add-opens=java.base/java.lang.invoke=ALL-UNNAMED --add-opens=java.prefs/java.util.prefs=ALL-UNNAMED --add-exports=jdk.compiler/com.sun.tools.javac.api=ALL-UNNAMED --add-exports=jdk.compiler/com.sun.tools.javac.util=ALL-UNNAMED --add-opens=java.base/java.nio.charset=ALL-UNNAMED --add-opens=java.base/java.net=ALL-UNNAMED --add-opens=java.base/java.util.concurrent.atomic=ALL-UNNAMED -Xmx2048m -Dfile.encoding=windows-1252 -Duser.country=ID -Duser.language=en -Duser.variant -javaagent:C:\Users\UsEr\.gradle\wrapper\dists\gradle-8.10.2-all\7iv73wktx1xtkvlq19urqw1wm\gradle-8.10.2\lib\agents\gradle-instrumentation-agent-8.10.2.jar org.gradle.launcher.daemon.bootstrap.GradleDaemon 8.10.2

Host: Intel(R) Core(TM) i5-7300U CPU @ 2.60GHz, 4 cores, 7G,  Windows 10 , 64 bit Build 19041 (10.0.19041.5198)
Time: Thu Jan 16 11:46:11 2025 SE Asia Standard Time elapsed time: 141.040433 seconds (0d 0h 2m 21s)

---------------  T H R E A D  ---------------

Current thread (0x0000015f2bb11c60):  VMThread "VM Thread" [stack: 0x0000005796d00000,0x0000005796e00000] [id=22452]

Stack: [0x0000005796d00000,0x0000005796e00000]
Native frames: (J=compiled Java code, j=interpreted, Vv=VM code, C=native code)
V  [jvm.dll+0x67a04a]
V  [jvm.dll+0x7da4ed]
V  [jvm.dll+0x7dbe33]
V  [jvm.dll+0x7dc4a3]
V  [jvm.dll+0x24508f]
V  [jvm.dll+0x677089]
V  [jvm.dll+0x66bd32]
V  [jvm.dll+0x301fa6]
V  [jvm.dll+0x309546]
V  [jvm.dll+0x359d2e]
V  [jvm.dll+0x359f5f]
V  [jvm.dll+0x2d9078]
V  [jvm.dll+0x2dc0e6]
V  [jvm.dll+0x2e67eb]
V  [jvm.dll+0x31a870]
V  [jvm.dll+0x7e0d9b]
V  [jvm.dll+0x7e1ad4]
V  [jvm.dll+0x7e1fed]
V  [jvm.dll+0x7e23c4]
V  [jvm.dll+0x7e2490]
V  [jvm.dll+0x78abea]
V  [jvm.dll+0x678f35]
C  [ucrtbase.dll+0x21bb2]
C  [KERNEL32.DLL+0x17374]
C  [ntdll.dll+0x4cc91]

VM_Operation (0x00000057969ff850): G1Concurrent, mode: safepoint, requested by thread 0x0000015f0e21bd00


---------------  P R O C E S S  ---------------

Threads class SMR info:
_java_thread_list=0x0000015f5866db70, length=103, elements={
0x0000015f0e1ae150, 0x0000015f2bb16680, 0x0000015f2bb17210, 0x0000015f2bb2bff0,
0x0000015f2bb2f8e0, 0x0000015f2bb321c0, 0x0000015f2bb32a90, 0x0000015f2bb36c40,
0x0000015f2bb43620, 0x0000015f2bb6eb30, 0x0000015f4b0d17d0, 0x0000015f4b1a71d0,
0x0000015f4ccb5320, 0x0000015f4cff8370, 0x0000015f4cb7c7b0, 0x0000015f4cecd960,
0x0000015f4c260210, 0x0000015f4c25edd0, 0x0000015f4c25dea0, 0x0000015f4c25d480,
0x0000015f4c25d990, 0x0000015f4c260720, 0x0000015f4c25e3b0, 0x0000015f4c25e8c0,
0x0000015f4c25f2e0, 0x0000015f4c25fd00, 0x0000015f4c25f7f0, 0x0000015f4c25cf70,
0x0000015f4d63eb50, 0x0000015f4d642d20, 0x0000015f4d63e640, 0x0000015f4d63d200,
0x0000015f4d642810, 0x0000015f4d63c7e0, 0x0000015f4d643230, 0x0000015f4d63bdc0,
0x0000015f4d63e130, 0x0000015f4d643740, 0x0000015f4d63d710, 0x0000015f4d63dc20,
0x0000015f4d63f060, 0x0000015f4d63c2d0, 0x0000015f4d63f570, 0x0000015f4d640ec0,
0x0000015f4d63ff90, 0x0000015f4d6404a0, 0x0000015f4d6409b0, 0x0000015f4d6413d0,
0x0000015f4d642300, 0x0000015f4d6418e0, 0x0000015f4d641df0, 0x0000015f4e8c5fd0,
0x0000015f4e8ca1a0, 0x0000015f4e8c6f00, 0x0000015f4e8c8340, 0x0000015f4e8c3c60,
0x0000015f4e8c7410, 0x0000015f4e8c7920, 0x0000015f4e8c8d60, 0x0000015f4e8c9c90,
0x0000015f4e8c9270, 0x0000015f4e8ca6b0, 0x0000015f4e8cabc0, 0x0000015f4e8c64e0,
0x0000015f4e8cb5e0, 0x0000015f4e8c4170, 0x0000015f4e8c4680, 0x0000015f4e8c4b90,
0x0000015f4e8c69f0, 0x0000015f4e8c50a0, 0x0000015f4e8c55b0, 0x0000015f4e8c5ac0,
0x0000015f4eadbfc0, 0x0000015f4eadab80, 0x0000015f4ead64a0, 0x0000015f4ead9c50,
0x0000015f4ead8810, 0x0000015f4ead7df0, 0x0000015f4eada160, 0x0000015f4ead9230,
0x0000015f4ead8d20, 0x0000015f4ead5570, 0x0000015f4eadb090, 0x0000015f4eadb5a0,
0x0000015f4eadbab0, 0x0000015f4eadc4d0, 0x0000015f4ead9740, 0x0000015f4ead5f90,
0x0000015f4ead8300, 0x0000015f4c4aa8b0, 0x0000015f4c4ad130, 0x0000015f4c4aadc0,
0x0000015f4c4ac200, 0x0000015f4c4ab2d0, 0x0000015f4e8c8850, 0x0000015f55050a50,
0x0000015f55054c20, 0x0000015f5504e6e0, 0x0000015f5504ebf0, 0x0000015f550528b0,
0x0000015f550537e0, 0x0000015f55051470, 0x0000015f5956b990
}

Java Threads: ( => current thread )
  0x0000015f0e1ae150 JavaThread "main" [_thread_blocked, id=10068, stack(0x0000005796700000,0x0000005796800000)]
  0x0000015f2bb16680 JavaThread "Reference Handler" daemon [_thread_blocked, id=17264, stack(0x0000005796e00000,0x0000005796f00000)]
  0x0000015f2bb17210 JavaThread "Finalizer" daemon [_thread_blocked, id=7708, stack(0x0000005796f00000,0x0000005797000000)]
  0x0000015f2bb2bff0 JavaThread "Signal Dispatcher" daemon [_thread_blocked, id=18228, stack(0x0000005797000000,0x0000005797100000)]
  0x0000015f2bb2f8e0 JavaThread "Attach Listener" daemon [_thread_blocked, id=21004, stack(0x0000005797100000,0x0000005797200000)]
  0x0000015f2bb321c0 JavaThread "Service Thread" daemon [_thread_blocked, id=21868, stack(0x0000005797200000,0x0000005797300000)]
  0x0000015f2bb32a90 JavaThread "Monitor Deflation Thread" daemon [_thread_blocked, id=13880, stack(0x0000005797300000,0x0000005797400000)]
  0x0000015f2bb36c40 JavaThread "C2 CompilerThread0" daemon [_thread_blocked, id=19620, stack(0x0000005797400000,0x0000005797500000)]
  0x0000015f2bb43620 JavaThread "C1 CompilerThread0" daemon [_thread_blocked, id=18036, stack(0x0000005797500000,0x0000005797600000)]
  0x0000015f2bb6eb30 JavaThread "Sweeper thread" daemon [_thread_blocked, id=19240, stack(0x0000005797600000,0x0000005797700000)]
  0x0000015f4b0d17d0 JavaThread "Common-Cleaner" daemon [_thread_blocked, id=19488, stack(0x0000005797700000,0x0000005797800000)]
  0x0000015f4b1a71d0 JavaThread "Notification Thread" daemon [_thread_blocked, id=13600, stack(0x0000005797800000,0x0000005797900000)]
  0x0000015f4ccb5320 JavaThread "Daemon health stats" [_thread_blocked, id=14948, stack(0x0000005797e00000,0x0000005797f00000)]
  0x0000015f4cff8370 JavaThread "Incoming local TCP Connector on port 59610" [_thread_in_native, id=7616, stack(0x0000005797a00000,0x0000005797b00000)]
  0x0000015f4cb7c7b0 JavaThread "Daemon periodic checks" [_thread_blocked, id=3772, stack(0x0000005797f00000,0x0000005798000000)]
  0x0000015f4cecd960 JavaThread "Daemon" [_thread_blocked, id=22048, stack(0x0000005798000000,0x0000005798100000)]
  0x0000015f4c260210 JavaThread "Handler for socket connection from /127.0.0.1:59610 to /127.0.0.1:59611" [_thread_in_native, id=6912, stack(0x0000005798100000,0x0000005798200000)]
  0x0000015f4c25edd0 JavaThread "Cancel handler" [_thread_blocked, id=4084, stack(0x0000005798200000,0x0000005798300000)]
  0x0000015f4c25dea0 JavaThread "Daemon worker" [_thread_blocked, id=15720, stack(0x0000005798300000,0x0000005798400000)]
  0x0000015f4c25d480 JavaThread "Asynchronous log dispatcher for DefaultDaemonConnection: socket connection from /127.0.0.1:59610 to /127.0.0.1:59611" [_thread_blocked, id=8016, stack(0x0000005798400000,0x0000005798500000)]
  0x0000015f4c25d990 JavaThread "Stdin handler" [_thread_blocked, id=1684, stack(0x0000005798500000,0x0000005798600000)]
  0x0000015f4c260720 JavaThread "Daemon client event forwarder" [_thread_blocked, id=16672, stack(0x0000005798600000,0x0000005798700000)]
  0x0000015f4c25e3b0 JavaThread "Cache worker for journal cache (C:\Users\UsEr\.gradle\caches\journal-1)" [_thread_blocked, id=21808, stack(0x0000005798700000,0x0000005798800000)]
  0x0000015f4c25e8c0 JavaThread "File lock request listener" [_thread_in_native, id=19504, stack(0x0000005798800000,0x0000005798900000)]
  0x0000015f4c25f2e0 JavaThread "Cache worker for file hash cache (C:\Users\UsEr\.gradle\caches\8.10.2\fileHashes)" [_thread_blocked, id=20924, stack(0x0000005798900000,0x0000005798a00000)]
  0x0000015f4c25fd00 JavaThread "Cache worker for file hash cache (D:\sikaresoi-react-1\android\.gradle\8.10.2\fileHashes)" [_thread_blocked, id=21772, stack(0x0000005798b00000,0x0000005798c00000)]
  0x0000015f4c25f7f0 JavaThread "Cache worker for Build Output Cleanup Cache (D:\sikaresoi-react-1\android\.gradle\buildOutputCleanup)" [_thread_blocked, id=5168, stack(0x0000005798c00000,0x0000005798d00000)]
  0x0000015f4c25cf70 JavaThread "File watcher server" daemon [_thread_blocked, id=21660, stack(0x0000005798d00000,0x0000005798e00000)]
  0x0000015f4d63eb50 JavaThread "File watcher consumer" daemon [_thread_blocked, id=16720, stack(0x0000005798e00000,0x0000005798f00000)]
  0x0000015f4d642d20 JavaThread "Cache worker for checksums cache (D:\sikaresoi-react-1\android\.gradle\8.10.2\checksums)" [_thread_blocked, id=4900, stack(0x0000005798f00000,0x0000005799000000)]
  0x0000015f4d63e640 JavaThread "Cache worker for file content cache (C:\Users\UsEr\.gradle\caches\8.10.2\fileContent)" [_thread_blocked, id=13756, stack(0x0000005799000000,0x0000005799100000)]
  0x0000015f4d63d200 JavaThread "Cache worker for cache directory md-rule (C:\Users\UsEr\.gradle\caches\8.10.2\md-rule)" [_thread_blocked, id=22340, stack(0x0000005799100000,0x0000005799200000)]
  0x0000015f4d642810 JavaThread "Cache worker for cache directory md-supplier (C:\Users\UsEr\.gradle\caches\8.10.2\md-supplier)" [_thread_blocked, id=8136, stack(0x0000005799200000,0x0000005799300000)]
  0x0000015f4d63c7e0 JavaThread "jar transforms" [_thread_blocked, id=7484, stack(0x0000005799500000,0x0000005799600000)]
  0x0000015f4d643230 JavaThread "Cache worker for Build Output Cleanup Cache (D:\sikaresoi-react-1\node_modules\@react-native\gradle-plugin\.gradle\buildOutputCleanup)" [_thread_blocked, id=19532, stack(0x0000005798a00000,0x0000005798b00000)]
  0x0000015f4d63bdc0 JavaThread "Unconstrained build operations" [_thread_blocked, id=14456, stack(0x0000005799700000,0x0000005799800000)]
  0x0000015f4d63e130 JavaThread "Unconstrained build operations Thread 2" [_thread_blocked, id=2900, stack(0x0000005799800000,0x0000005799900000)]
  0x0000015f4d643740 JavaThread "Unconstrained build operations Thread 3" [_thread_blocked, id=15776, stack(0x0000005799900000,0x0000005799a00000)]
  0x0000015f4d63d710 JavaThread "Unconstrained build operations Thread 4" [_thread_blocked, id=9348, stack(0x0000005799a00000,0x0000005799b00000)]
  0x0000015f4d63dc20 JavaThread "Unconstrained build operations Thread 5" [_thread_blocked, id=19416, stack(0x0000005799b00000,0x0000005799c00000)]
  0x0000015f4d63f060 JavaThread "Unconstrained build operations Thread 6" [_thread_blocked, id=14472, stack(0x0000005799c00000,0x0000005799d00000)]
  0x0000015f4d63c2d0 JavaThread "Unconstrained build operations Thread 7" [_thread_blocked, id=9512, stack(0x0000005799d00000,0x0000005799e00000)]
  0x0000015f4d63f570 JavaThread "Unconstrained build operations Thread 8" [_thread_blocked, id=4636, stack(0x0000005799e00000,0x0000005799f00000)]
  0x0000015f4d640ec0 JavaThread "Unconstrained build operations Thread 9" [_thread_blocked, id=22292, stack(0x0000005799f00000,0x000000579a000000)]
  0x0000015f4d63ff90 JavaThread "Unconstrained build operations Thread 10" [_thread_blocked, id=12436, stack(0x000000579a000000,0x000000579a100000)]
  0x0000015f4d6404a0 JavaThread "Unconstrained build operations Thread 11" [_thread_blocked, id=21924, stack(0x000000579a100000,0x000000579a200000)]
  0x0000015f4d6409b0 JavaThread "Unconstrained build operations Thread 12" [_thread_blocked, id=16088, stack(0x000000579a200000,0x000000579a300000)]
  0x0000015f4d6413d0 JavaThread "Unconstrained build operations Thread 13" [_thread_blocked, id=8576, stack(0x000000579a300000,0x000000579a400000)]
  0x0000015f4d642300 JavaThread "Unconstrained build operations Thread 14" [_thread_blocked, id=15320, stack(0x000000579a400000,0x000000579a500000)]
  0x0000015f4d6418e0 JavaThread "Unconstrained build operations Thread 15" [_thread_blocked, id=11524, stack(0x000000579a500000,0x000000579a600000)]
  0x0000015f4d641df0 JavaThread "Memory manager" [_thread_blocked, id=19584, stack(0x000000579a600000,0x000000579a700000)]
  0x0000015f4e8c5fd0 JavaThread "build event listener" [_thread_blocked, id=12532, stack(0x0000005799600000,0x0000005799700000)]
  0x0000015f4e8ca1a0 JavaThread "ForkJoinPool.commonPool-worker-1" daemon [_thread_blocked, id=15712, stack(0x000000579a800000,0x000000579a900000)]
  0x0000015f4e8c6f00 JavaThread "ForkJoinPool.commonPool-worker-2" daemon [_thread_blocked, id=21412, stack(0x000000579a900000,0x000000579aa00000)]
  0x0000015f4e8c8340 JavaThread "ForkJoinPool.commonPool-worker-3" daemon [_thread_blocked, id=21636, stack(0x000000579aa00000,0x000000579ab00000)]
  0x0000015f4e8c3c60 JavaThread "included builds" [_thread_blocked, id=19860, stack(0x000000579a700000,0x000000579a800000)]
  0x0000015f4e8c7410 JavaThread "Execution worker" [_thread_blocked, id=4256, stack(0x000000579ae00000,0x000000579af00000)]
  0x0000015f4e8c7920 JavaThread "Execution worker Thread 2" [_thread_blocked, id=21952, stack(0x000000579af00000,0x000000579b000000)]
  0x0000015f4e8c8d60 JavaThread "Execution worker Thread 3" [_thread_blocked, id=11476, stack(0x000000579b000000,0x000000579b100000)]
  0x0000015f4e8c9c90 JavaThread "Cache worker for execution history cache (D:\sikaresoi-react-1\node_modules\@react-native\gradle-plugin\.gradle\8.10.2\executionHistory)" [_thread_blocked, id=15788, stack(0x000000579b100000,0x000000579b200000)]
  0x0000015f4e8c9270 JavaThread "Unconstrained build operations Thread 16" [_thread_blocked, id=22208, stack(0x000000579b300000,0x000000579b400000)]
  0x0000015f4e8ca6b0 JavaThread "Unconstrained build operations Thread 17" [_thread_blocked, id=9028, stack(0x000000579b400000,0x000000579b500000)]
  0x0000015f4e8cabc0 JavaThread "Unconstrained build operations Thread 18" [_thread_blocked, id=11848, stack(0x000000579b500000,0x000000579b600000)]
  0x0000015f4e8c64e0 JavaThread "Unconstrained build operations Thread 19" [_thread_blocked, id=7076, stack(0x000000579b600000,0x000000579b700000)]
  0x0000015f4e8cb5e0 JavaThread "Unconstrained build operations Thread 20" [_thread_blocked, id=11456, stack(0x000000579b700000,0x000000579b800000)]
  0x0000015f4e8c4170 JavaThread "Unconstrained build operations Thread 21" [_thread_blocked, id=20736, stack(0x000000579b800000,0x000000579b900000)]
  0x0000015f4e8c4680 JavaThread "Unconstrained build operations Thread 22" [_thread_blocked, id=11188, stack(0x000000579b900000,0x000000579ba00000)]
  0x0000015f4e8c4b90 JavaThread "Unconstrained build operations Thread 23" [_thread_blocked, id=16140, stack(0x000000579ba00000,0x000000579bb00000)]
  0x0000015f4e8c69f0 JavaThread "Unconstrained build operations Thread 24" [_thread_blocked, id=14260, stack(0x000000579b200000,0x000000579b300000)]
  0x0000015f4e8c50a0 JavaThread "Unconstrained build operations Thread 25" [_thread_blocked, id=20876, stack(0x000000579bb00000,0x000000579bc00000)]
  0x0000015f4e8c55b0 JavaThread "Unconstrained build operations Thread 26" [_thread_blocked, id=22508, stack(0x000000579bc00000,0x000000579bd00000)]
  0x0000015f4e8c5ac0 JavaThread "Unconstrained build operations Thread 27" [_thread_blocked, id=14216, stack(0x000000579bd00000,0x000000579be00000)]
  0x0000015f4eadbfc0 JavaThread "Unconstrained build operations Thread 28" [_thread_blocked, id=21740, stack(0x000000579be00000,0x000000579bf00000)]
  0x0000015f4eadab80 JavaThread "Unconstrained build operations Thread 29" [_thread_blocked, id=5704, stack(0x000000579bf00000,0x000000579c000000)]
  0x0000015f4ead64a0 JavaThread "Unconstrained build operations Thread 30" [_thread_blocked, id=10988, stack(0x000000579c000000,0x000000579c100000)]
  0x0000015f4ead9c50 JavaThread "Unconstrained build operations Thread 31" [_thread_blocked, id=21984, stack(0x000000579c100000,0x000000579c200000)]
  0x0000015f4ead8810 JavaThread "Unconstrained build operations Thread 32" [_thread_blocked, id=21944, stack(0x000000579c200000,0x000000579c300000)]
  0x0000015f4ead7df0 JavaThread "Unconstrained build operations Thread 33" [_thread_blocked, id=22144, stack(0x000000579c300000,0x000000579c400000)]
  0x0000015f4eada160 JavaThread "Unconstrained build operations Thread 34" [_thread_blocked, id=8348, stack(0x000000579c500000,0x000000579c600000)]
  0x0000015f4ead9230 JavaThread "Unconstrained build operations Thread 35" [_thread_blocked, id=2168, stack(0x000000579c600000,0x000000579c700000)]
  0x0000015f4ead8d20 JavaThread "Unconstrained build operations Thread 36" [_thread_blocked, id=15984, stack(0x000000579c700000,0x000000579c800000)]
  0x0000015f4ead5570 JavaThread "jar transforms Thread 2" [_thread_blocked, id=2812, stack(0x000000579c800000,0x000000579c900000)]
  0x0000015f4eadb090 JavaThread "jar transforms Thread 3" [_thread_blocked, id=14772, stack(0x000000579ca00000,0x000000579cb00000)]
  0x0000015f4eadb5a0 JavaThread "Unconstrained build operations Thread 37" [_thread_blocked, id=19720, stack(0x000000579cc00000,0x000000579cd00000)]
  0x0000015f4eadbab0 JavaThread "Unconstrained build operations Thread 38" [_thread_blocked, id=16252, stack(0x000000579cd00000,0x000000579ce00000)]
  0x0000015f4eadc4d0 JavaThread "Unconstrained build operations Thread 39" [_thread_blocked, id=15888, stack(0x000000579ce00000,0x000000579cf00000)]
  0x0000015f4ead9740 JavaThread "Unconstrained build operations Thread 40" [_thread_blocked, id=18832, stack(0x000000579cf00000,0x000000579d000000)]
  0x0000015f4ead5f90 JavaThread "jar transforms Thread 4" [_thread_blocked, id=21352, stack(0x000000579d000000,0x000000579d100000)]
  0x0000015f4ead8300 JavaThread "build event listener" [_thread_blocked, id=15260, stack(0x000000579d100000,0x000000579d200000)]
  0x0000015f4c4aa8b0 JavaThread "Cache worker for execution history cache (D:\sikaresoi-react-1\android\.gradle\8.10.2\executionHistory)" [_thread_blocked, id=21736, stack(0x0000005796500000,0x0000005796600000)]
  0x0000015f4c4ad130 JavaThread "Exec process Thread 4" [_thread_blocked, id=14560, stack(0x0000005796600000,0x0000005796700000)]
  0x0000015f4c4aadc0 JavaThread "Exec process Thread 5" [_thread_blocked, id=19892, stack(0x000000579ab00000,0x000000579ac00000)]
  0x0000015f4c4ac200 JavaThread "Exec process Thread 6" [_thread_blocked, id=6896, stack(0x000000579ac00000,0x000000579ad00000)]
  0x0000015f4c4ab2d0 JavaThread "WorkerExecutor Queue" [_thread_blocked, id=14908, stack(0x0000005796400000,0x0000005796500000)]
  0x0000015f4e8c8850 JavaThread "WorkerExecutor Queue Thread 3" [_thread_blocked, id=19216, stack(0x000000579ad00000,0x000000579ae00000)]
  0x0000015f55050a50 JavaThread "WorkerExecutor Queue Thread 5" [_thread_blocked, id=22160, stack(0x000000579d500000,0x000000579d600000)]
  0x0000015f55054c20 JavaThread "Cache worker for Java compile cache (C:\Users\UsEr\.gradle\caches\8.10.2\javaCompile)" [_thread_blocked, id=15204, stack(0x000000579d200000,0x000000579d300000)]
  0x0000015f5504e6e0 JavaThread "Build operations" [_thread_blocked, id=20160, stack(0x000000579cb00000,0x000000579cc00000)]
  0x0000015f5504ebf0 JavaThread "Build operations Thread 2" [_thread_blocked, id=16788, stack(0x000000579d700000,0x000000579d800000)]
  0x0000015f550528b0 JavaThread "Build operations Thread 3" [_thread_blocked, id=21584, stack(0x000000579d800000,0x000000579d900000)]
  0x0000015f550537e0 JavaThread "Build operations Thread 4" [_thread_blocked, id=21956, stack(0x000000579d900000,0x000000579da00000)]
  0x0000015f55051470 JavaThread "WorkerExecutor Queue Thread 6" [_thread_blocked, id=16216, stack(0x000000579c900000,0x000000579ca00000)]
  0x0000015f5956b990 JavaThread "C2 CompilerThread1" daemon [_thread_blocked, id=16732, stack(0x000000579c400000,0x000000579c500000)]

Other Threads:
=>0x0000015f2bb11c60 VMThread "VM Thread" [stack: 0x0000005796d00000,0x0000005796e00000] [id=22452]
  0x0000015f2bb1c1b0 WatcherThread [stack: 0x0000005797900000,0x0000005797a00000] [id=7040]
  0x0000015f0e20afa0 GCTaskThread "GC Thread#0" [stack: 0x0000005796800000,0x0000005796900000] [id=22404]
  0x0000015f4b280040 GCTaskThread "GC Thread#1" [stack: 0x0000005797b00000,0x0000005797c00000] [id=21536]
  0x0000015f4b280300 GCTaskThread "GC Thread#2" [stack: 0x0000005797c00000,0x0000005797d00000] [id=9596]
  0x0000015f4c1b4a40 GCTaskThread "GC Thread#3" [stack: 0x0000005797d00000,0x0000005797e00000] [id=10724]
  0x0000015f0e21bd00 ConcurrentGCThread "G1 Main Marker" [stack: 0x0000005796900000,0x0000005796a00000] [id=17780]
  0x0000015f0e21e0a0 ConcurrentGCThread "G1 Conc#0" [stack: 0x0000005796a00000,0x0000005796b00000] [id=21732]
  0x0000015f0e25d7d0 ConcurrentGCThread "G1 Refine#0" [stack: 0x0000005796b00000,0x0000005796c00000] [id=14740]
  0x0000015f4d32cbe0 ConcurrentGCThread "G1 Refine#1" [stack: 0x0000005799300000,0x0000005799400000] [id=6984]
  0x0000015f4c069f90 ConcurrentGCThread "G1 Refine#2" [stack: 0x0000005799400000,0x0000005799500000] [id=19808]
  0x0000015f58d04720 ConcurrentGCThread "G1 Refine#3" [stack: 0x000000579d600000,0x000000579d700000] [id=19692]
  0x0000015f0e25e010 ConcurrentGCThread "G1 Service" [stack: 0x0000005796c00000,0x0000005796d00000] [id=17796]

Threads with active compile tasks:
C2 CompilerThread0   141135 26062       4       org.gradle.cache.internal.btree.FreeListBlockStore::attach (22 bytes)
C2 CompilerThread1   141135 26064       4       org.gradle.cache.internal.btree.FreeListBlockStore::write (16 bytes)

VM state: at safepoint (normal execution)

VM Mutex/Monitor currently owned by a thread:  ([mutex/lock_event])
[0x0000015f0e1aa580] Threads_lock - owner thread: 0x0000015f2bb11c60
[0x0000015f0e1aa190] Heap_lock - owner thread: 0x0000015f0e21bd00

Heap address: 0x0000000080000000, size: 2048 MB, Compressed Oops mode: 32-bit

CDS archive(s) mapped at: [0x0000015f2c000000-0x0000015f2cbd0000-0x0000015f2cbd0000), size 12386304, SharedBaseAddress: 0x0000015f2c000000, ArchiveRelocationMode: 1.
Compressed class space mapped at: 0x0000015f2d000000-0x0000015f47000000, reserved size: 436207616
Narrow klass base: 0x0000015f2c000000, Narrow klass shift: 0, Narrow klass range: 0x100000000

GC Precious Log:
 CPUs: 4 total, 4 available
 Memory: 8072M
 Large Page Support: Disabled
 NUMA Support: Disabled
 Compressed Oops: Enabled (32-bit)
 Heap Region Size: 1M
 Heap Min Capacity: 8M
 Heap Initial Capacity: 128M
 Heap Max Capacity: 2G
 Pre-touch: Disabled
 Parallel Workers: 4
 Concurrent Workers: 1
 Concurrent Refinement Workers: 4
 Periodic GC: Disabled

Heap:
 garbage-first heap   total 476160K, used 420247K [0x0000000080000000, 0x0000000100000000)
  region size 1024K, 8 young (8192K), 3 survivors (3072K)
 Metaspace       used 139711K, committed 142656K, reserved 557056K
  class space    used 18892K, committed 20096K, reserved 425984K

Heap Regions: E=young(eden), S=young(survivor), O=old, HS=humongous(starts), HC=humongous(continues), CS=collection set, F=free, OA=open archive, CA=closed archive, TAMS=top-at-mark-start (previous, next)
|   0|0x0000000080000000, 0x0000000080100000, 0x0000000080100000|100%|HS|  |TAMS 0x0000000080100000, 0x0000000080000000| Complete 
|   1|0x0000000080100000, 0x0000000080200000, 0x0000000080200000|100%|HC|  |TAMS 0x0000000080200000, 0x0000000080100000| Complete 
|   2|0x0000000080200000, 0x0000000080300000, 0x0000000080300000|100%|HC|  |TAMS 0x0000000080300000, 0x0000000080200000| Complete 
|   3|0x0000000080300000, 0x0000000080400000, 0x0000000080400000|100%|HC|  |TAMS 0x0000000080400000, 0x0000000080300000| Complete 
|   4|0x0000000080400000, 0x0000000080500000, 0x0000000080500000|100%| O|  |TAMS 0x0000000080500000, 0x0000000080400000| Untracked 
|   5|0x0000000080500000, 0x0000000080600000, 0x0000000080600000|100%| O|  |TAMS 0x0000000080600000, 0x0000000080500000| Updating 
|   6|0x0000000080600000, 0x0000000080700000, 0x0000000080700000|100%| O|  |TAMS 0x0000000080700000, 0x0000000080600000| Untracked 
|   7|0x0000000080700000, 0x0000000080800000, 0x0000000080800000|100%| O|  |TAMS 0x0000000080800000, 0x0000000080700000| Untracked 
|   8|0x0000000080800000, 0x0000000080900000, 0x0000000080900000|100%|HS|  |TAMS 0x0000000080900000, 0x0000000080800000| Complete 
|   9|0x0000000080900000, 0x0000000080a00000, 0x0000000080a00000|100%| O|  |TAMS 0x0000000080a00000, 0x0000000080900000| Untracked 
|  10|0x0000000080a00000, 0x0000000080b00000, 0x0000000080b00000|100%| O|  |TAMS 0x0000000080b00000, 0x0000000080a00000| Untracked 
|  11|0x0000000080b00000, 0x0000000080c00000, 0x0000000080c00000|100%| O|  |TAMS 0x0000000080c00000, 0x0000000080b00000| Updating 
|  12|0x0000000080c00000, 0x0000000080d00000, 0x0000000080d00000|100%| O|  |TAMS 0x0000000080d00000, 0x0000000080c00000| Untracked 
|  13|0x0000000080d00000, 0x0000000080e00000, 0x0000000080e00000|100%| O|  |TAMS 0x0000000080e00000, 0x0000000080d00000| Untracked 
|  14|0x0000000080e00000, 0x0000000080f00000, 0x0000000080f00000|100%| O|  |TAMS 0x0000000080f00000, 0x0000000080e00000| Untracked 
|  15|0x0000000080f00000, 0x0000000081000000, 0x0000000081000000|100%| O|  |TAMS 0x0000000081000000, 0x0000000080f00000| Untracked 
|  16|0x0000000081000000, 0x00000000810ffff8, 0x0000000081100000| 99%| O|  |TAMS 0x00000000810ffff8, 0x0000000081000000| Untracked 
|  17|0x0000000081100000, 0x0000000081200000, 0x0000000081200000|100%| O|  |TAMS 0x0000000081200000, 0x0000000081100000| Untracked 
|  18|0x0000000081200000, 0x0000000081300000, 0x0000000081300000|100%| O|  |TAMS 0x0000000081300000, 0x0000000081200000| Untracked 
|  19|0x0000000081300000, 0x0000000081400000, 0x0000000081400000|100%| O|  |TAMS 0x0000000081400000, 0x0000000081300000| Untracked 
|  20|0x0000000081400000, 0x0000000081500000, 0x0000000081500000|100%| O|  |TAMS 0x0000000081500000, 0x0000000081400000| Untracked 
|  21|0x0000000081500000, 0x0000000081600000, 0x0000000081600000|100%| O|  |TAMS 0x0000000081600000, 0x0000000081500000| Untracked 
|  22|0x0000000081600000, 0x0000000081700000, 0x0000000081700000|100%| O|  |TAMS 0x0000000081700000, 0x0000000081600000| Untracked 
|  23|0x0000000081700000, 0x0000000081800000, 0x0000000081800000|100%| O|  |TAMS 0x0000000081800000, 0x0000000081700000| Updating 
|  24|0x0000000081800000, 0x0000000081900000, 0x0000000081900000|100%| O|  |TAMS 0x0000000081900000, 0x0000000081800000| Updating 
|  25|0x0000000081900000, 0x0000000081a00000, 0x0000000081a00000|100%| O|  |TAMS 0x0000000081a00000, 0x0000000081900000| Updating 
|  26|0x0000000081a00000, 0x0000000081b00000, 0x0000000081b00000|100%| O|  |TAMS 0x0000000081b00000, 0x0000000081a00000| Updating 
|  27|0x0000000081b00000, 0x0000000081c00000, 0x0000000081c00000|100%| O|  |TAMS 0x0000000081c00000, 0x0000000081b00000| Updating 
|  28|0x0000000081c00000, 0x0000000081d00000, 0x0000000081d00000|100%| O|  |TAMS 0x0000000081d00000, 0x0000000081c00000| Untracked 
|  29|0x0000000081d00000, 0x0000000081e00000, 0x0000000081e00000|100%| O|  |TAMS 0x0000000081e00000, 0x0000000081d00000| Updating 
|  30|0x0000000081e00000, 0x0000000081f00000, 0x0000000081f00000|100%| O|  |TAMS 0x0000000081f00000, 0x0000000081e00000| Updating 
|  31|0x0000000081f00000, 0x0000000082000000, 0x0000000082000000|100%| O|  |TAMS 0x0000000082000000, 0x0000000081f00000| Untracked 
|  32|0x0000000082000000, 0x0000000082100000, 0x0000000082100000|100%| O|  |TAMS 0x0000000082100000, 0x0000000082000000| Untracked 
|  33|0x0000000082100000, 0x0000000082200000, 0x0000000082200000|100%| O|  |TAMS 0x0000000082200000, 0x0000000082100000| Untracked 
|  34|0x0000000082200000, 0x0000000082300000, 0x0000000082300000|100%| O|  |TAMS 0x0000000082300000, 0x0000000082200000| Untracked 
|  35|0x0000000082300000, 0x0000000082400000, 0x0000000082400000|100%| O|  |TAMS 0x0000000082400000, 0x0000000082300000| Updating 
|  36|0x0000000082400000, 0x0000000082500000, 0x0000000082500000|100%| O|  |TAMS 0x0000000082500000, 0x0000000082400000| Untracked 
|  37|0x0000000082500000, 0x0000000082600000, 0x0000000082600000|100%| O|  |TAMS 0x0000000082600000, 0x0000000082500000| Updating 
|  38|0x0000000082600000, 0x0000000082700000, 0x0000000082700000|100%| O|  |TAMS 0x0000000082700000, 0x0000000082600000| Updating 
|  39|0x0000000082700000, 0x0000000082800000, 0x0000000082800000|100%| O|  |TAMS 0x0000000082800000, 0x0000000082700000| Updating 
|  40|0x0000000082800000, 0x0000000082900000, 0x0000000082900000|100%| O|  |TAMS 0x0000000082900000, 0x0000000082800000| Updating 
|  41|0x0000000082900000, 0x0000000082a00000, 0x0000000082a00000|100%| O|  |TAMS 0x0000000082a00000, 0x0000000082900000| Untracked 
|  42|0x0000000082a00000, 0x0000000082b00000, 0x0000000082b00000|100%| O|  |TAMS 0x0000000082b00000, 0x0000000082a00000| Untracked 
|  43|0x0000000082b00000, 0x0000000082c00000, 0x0000000082c00000|100%| O|  |TAMS 0x0000000082c00000, 0x0000000082b00000| Updating 
|  44|0x0000000082c00000, 0x0000000082d00000, 0x0000000082d00000|100%|HS|  |TAMS 0x0000000082d00000, 0x0000000082c00000| Complete 
|  45|0x0000000082d00000, 0x0000000082e00000, 0x0000000082e00000|100%|HC|  |TAMS 0x0000000082e00000, 0x0000000082d00000| Complete 
|  46|0x0000000082e00000, 0x0000000082f00000, 0x0000000082f00000|100%|HS|  |TAMS 0x0000000082f00000, 0x0000000082e00000| Complete 
|  47|0x0000000082f00000, 0x0000000083000000, 0x0000000083000000|100%|HC|  |TAMS 0x0000000083000000, 0x0000000082f00000| Complete 
|  48|0x0000000083000000, 0x0000000083100000, 0x0000000083100000|100%| O|  |TAMS 0x0000000083100000, 0x0000000083000000| Untracked 
|  49|0x0000000083100000, 0x0000000083200000, 0x0000000083200000|100%| O|  |TAMS 0x0000000083200000, 0x0000000083100000| Untracked 
|  50|0x0000000083200000, 0x0000000083300000, 0x0000000083300000|100%| O|  |TAMS 0x0000000083300000, 0x0000000083200000| Updating 
|  51|0x0000000083300000, 0x0000000083400000, 0x0000000083400000|100%| O|  |TAMS 0x0000000083400000, 0x0000000083300000| Untracked 
|  52|0x0000000083400000, 0x0000000083500000, 0x0000000083500000|100%| O|  |TAMS 0x0000000083500000, 0x0000000083400000| Updating 
|  53|0x0000000083500000, 0x0000000083600000, 0x0000000083600000|100%|HS|  |TAMS 0x0000000083600000, 0x0000000083500000| Complete 
|  54|0x0000000083600000, 0x0000000083700000, 0x0000000083700000|100%|HC|  |TAMS 0x0000000083700000, 0x0000000083600000| Complete 
|  55|0x0000000083700000, 0x0000000083800000, 0x0000000083800000|100%|HC|  |TAMS 0x0000000083800000, 0x0000000083700000| Complete 
|  56|0x0000000083800000, 0x0000000083900000, 0x0000000083900000|100%|HC|  |TAMS 0x0000000083900000, 0x0000000083800000| Complete 
|  57|0x0000000083900000, 0x0000000083a00000, 0x0000000083a00000|100%|HS|  |TAMS 0x0000000083a00000, 0x0000000083900000| Complete 
|  58|0x0000000083a00000, 0x0000000083b00000, 0x0000000083b00000|100%|HC|  |TAMS 0x0000000083b00000, 0x0000000083a00000| Complete 
|  59|0x0000000083b00000, 0x0000000083c00000, 0x0000000083c00000|100%|HC|  |TAMS 0x0000000083c00000, 0x0000000083b00000| Complete 
|  60|0x0000000083c00000, 0x0000000083d00000, 0x0000000083d00000|100%|HC|  |TAMS 0x0000000083d00000, 0x0000000083c00000| Complete 
|  61|0x0000000083d00000, 0x0000000083e00000, 0x0000000083e00000|100%| O|  |TAMS 0x0000000083e00000, 0x0000000083d00000| Untracked 
|  62|0x0000000083e00000, 0x0000000083f00000, 0x0000000083f00000|100%| O|  |TAMS 0x0000000083f00000, 0x0000000083e00000| Untracked 
|  63|0x0000000083f00000, 0x0000000084000000, 0x0000000084000000|100%| O|  |TAMS 0x0000000084000000, 0x0000000083f00000| Untracked 
|  64|0x0000000084000000, 0x0000000084100000, 0x0000000084100000|100%| O|  |TAMS 0x0000000084100000, 0x0000000084000000| Updating 
|  65|0x0000000084100000, 0x0000000084200000, 0x0000000084200000|100%| O|  |TAMS 0x0000000084200000, 0x0000000084100000| Updating 
|  66|0x0000000084200000, 0x0000000084300000, 0x0000000084300000|100%| O|  |TAMS 0x0000000084300000, 0x0000000084200000| Untracked 
|  67|0x0000000084300000, 0x0000000084400000, 0x0000000084400000|100%| O|  |TAMS 0x0000000084400000, 0x0000000084300000| Updating 
|  68|0x0000000084400000, 0x0000000084500000, 0x0000000084500000|100%| O|  |TAMS 0x0000000084500000, 0x0000000084400000| Untracked 
|  69|0x0000000084500000, 0x0000000084600000, 0x0000000084600000|100%| O|  |TAMS 0x0000000084600000, 0x0000000084500000| Untracked 
|  70|0x0000000084600000, 0x0000000084700000, 0x0000000084700000|100%| O|  |TAMS 0x0000000084700000, 0x0000000084600000| Updating 
|  71|0x0000000084700000, 0x0000000084800000, 0x0000000084800000|100%| O|  |TAMS 0x0000000084800000, 0x0000000084700000| Untracked 
|  72|0x0000000084800000, 0x0000000084900000, 0x0000000084900000|100%| O|  |TAMS 0x0000000084900000, 0x0000000084800000| Updating 
|  73|0x0000000084900000, 0x0000000084a00000, 0x0000000084a00000|100%| O|  |TAMS 0x0000000084a00000, 0x0000000084900000| Updating 
|  74|0x0000000084a00000, 0x0000000084b00000, 0x0000000084b00000|100%| O|  |TAMS 0x0000000084b00000, 0x0000000084a00000| Updating 
|  75|0x0000000084b00000, 0x0000000084c00000, 0x0000000084c00000|100%| O|  |TAMS 0x0000000084c00000, 0x0000000084b00000| Updating 
|  76|0x0000000084c00000, 0x0000000084d00000, 0x0000000084d00000|100%| O|  |TAMS 0x0000000084d00000, 0x0000000084c00000| Updating 
|  77|0x0000000084d00000, 0x0000000084e00000, 0x0000000084e00000|100%| O|  |TAMS 0x0000000084e00000, 0x0000000084d00000| Untracked 
|  78|0x0000000084e00000, 0x0000000084f00000, 0x0000000084f00000|100%| O|  |TAMS 0x0000000084f00000, 0x0000000084e00000| Untracked 
|  79|0x0000000084f00000, 0x0000000085000000, 0x0000000085000000|100%| O|  |TAMS 0x0000000085000000, 0x0000000084f00000| Untracked 
|  80|0x0000000085000000, 0x0000000085100000, 0x0000000085100000|100%| O|  |TAMS 0x0000000085100000, 0x0000000085000000| Updating 
|  81|0x0000000085100000, 0x0000000085200000, 0x0000000085200000|100%| O|  |TAMS 0x0000000085200000, 0x0000000085100000| Updating 
|  82|0x0000000085200000, 0x0000000085300000, 0x0000000085300000|100%|HS|  |TAMS 0x0000000085300000, 0x0000000085200000| Complete 
|  83|0x0000000085300000, 0x0000000085400000, 0x0000000085400000|100%|HS|  |TAMS 0x0000000085400000, 0x0000000085300000| Complete 
|  84|0x0000000085400000, 0x0000000085500000, 0x0000000085500000|100%|HS|  |TAMS 0x0000000085500000, 0x0000000085400000| Complete 
|  85|0x0000000085500000, 0x0000000085600000, 0x0000000085600000|100%|HS|  |TAMS 0x0000000085600000, 0x0000000085500000| Complete 
|  86|0x0000000085600000, 0x0000000085700000, 0x0000000085700000|100%| O|  |TAMS 0x0000000085700000, 0x0000000085600000| Untracked 
|  87|0x0000000085700000, 0x0000000085800000, 0x0000000085800000|100%|HS|  |TAMS 0x0000000085800000, 0x0000000085700000| Complete 
|  88|0x0000000085800000, 0x0000000085900000, 0x0000000085900000|100%|HS|  |TAMS 0x0000000085900000, 0x0000000085800000| Complete 
|  89|0x0000000085900000, 0x0000000085a00000, 0x0000000085a00000|100%|HS|  |TAMS 0x0000000085a00000, 0x0000000085900000| Complete 
|  90|0x0000000085a00000, 0x0000000085b00000, 0x0000000085b00000|100%|HC|  |TAMS 0x0000000085b00000, 0x0000000085a00000| Complete 
|  91|0x0000000085b00000, 0x0000000085c00000, 0x0000000085c00000|100%| O|  |TAMS 0x0000000085c00000, 0x0000000085b00000| Untracked 
|  92|0x0000000085c00000, 0x0000000085d00000, 0x0000000085d00000|100%|HS|  |TAMS 0x0000000085d00000, 0x0000000085c00000| Complete 
|  93|0x0000000085d00000, 0x0000000085e00000, 0x0000000085e00000|100%| O|  |TAMS 0x0000000085e00000, 0x0000000085d00000| Untracked 
|  94|0x0000000085e00000, 0x0000000085f00000, 0x0000000085f00000|100%| O|  |TAMS 0x0000000085f00000, 0x0000000085e00000| Untracked 
|  95|0x0000000085f00000, 0x0000000086000000, 0x0000000086000000|100%| O|  |TAMS 0x0000000086000000, 0x0000000085f00000| Untracked 
|  96|0x0000000086000000, 0x0000000086100000, 0x0000000086100000|100%| O|  |TAMS 0x0000000086100000, 0x0000000086000000| Untracked 
|  97|0x0000000086100000, 0x0000000086200000, 0x0000000086200000|100%| O|  |TAMS 0x0000000086200000, 0x0000000086100000| Untracked 
|  98|0x0000000086200000, 0x0000000086300000, 0x0000000086300000|100%| O|  |TAMS 0x0000000086300000, 0x0000000086200000| Updating 
|  99|0x0000000086300000, 0x0000000086400000, 0x0000000086400000|100%| O|  |TAMS 0x0000000086400000, 0x0000000086300000| Untracked 
| 100|0x0000000086400000, 0x0000000086500000, 0x0000000086500000|100%| O|  |TAMS 0x0000000086500000, 0x0000000086400000| Updating 
| 101|0x0000000086500000, 0x0000000086600000, 0x0000000086600000|100%| O|  |TAMS 0x0000000086600000, 0x0000000086500000| Updating 
| 102|0x0000000086600000, 0x0000000086700000, 0x0000000086700000|100%| O|  |TAMS 0x0000000086700000, 0x0000000086600000| Updating 
| 103|0x0000000086700000, 0x0000000086800000, 0x0000000086800000|100%| O|  |TAMS 0x0000000086800000, 0x0000000086700000| Untracked 
| 104|0x0000000086800000, 0x0000000086900000, 0x0000000086900000|100%| O|  |TAMS 0x0000000086900000, 0x0000000086800000| Untracked 
| 105|0x0000000086900000, 0x0000000086a00000, 0x0000000086a00000|100%| O|  |TAMS 0x0000000086a00000, 0x0000000086900000| Untracked 
| 106|0x0000000086a00000, 0x0000000086b00000, 0x0000000086b00000|100%| O|  |TAMS 0x0000000086b00000, 0x0000000086a00000| Untracked 
| 107|0x0000000086b00000, 0x0000000086c00000, 0x0000000086c00000|100%| O|  |TAMS 0x0000000086c00000, 0x0000000086b00000| Updating 
| 108|0x0000000086c00000, 0x0000000086d00000, 0x0000000086d00000|100%| O|  |TAMS 0x0000000086d00000, 0x0000000086c00000| Updating 
| 109|0x0000000086d00000, 0x0000000086e00000, 0x0000000086e00000|100%| O|  |TAMS 0x0000000086e00000, 0x0000000086d00000| Untracked 
| 110|0x0000000086e00000, 0x0000000086f00000, 0x0000000086f00000|100%| O|  |TAMS 0x0000000086f00000, 0x0000000086e00000| Untracked 
| 111|0x0000000086f00000, 0x0000000087000000, 0x0000000087000000|100%| O|  |TAMS 0x0000000087000000, 0x0000000086f00000| Untracked 
| 112|0x0000000087000000, 0x0000000087100000, 0x0000000087100000|100%| O|  |TAMS 0x0000000087100000, 0x0000000087000000| Updating 
| 113|0x0000000087100000, 0x0000000087200000, 0x0000000087200000|100%| O|  |TAMS 0x0000000087200000, 0x0000000087100000| Untracked 
| 114|0x0000000087200000, 0x0000000087300000, 0x0000000087300000|100%| O|  |TAMS 0x0000000087300000, 0x0000000087200000| Untracked 
| 115|0x0000000087300000, 0x0000000087400000, 0x0000000087400000|100%| O|  |TAMS 0x0000000087400000, 0x0000000087300000| Updating 
| 116|0x0000000087400000, 0x0000000087500000, 0x0000000087500000|100%| O|  |TAMS 0x0000000087500000, 0x0000000087400000| Untracked 
| 117|0x0000000087500000, 0x0000000087600000, 0x0000000087600000|100%| O|  |TAMS 0x0000000087600000, 0x0000000087500000| Untracked 
| 118|0x0000000087600000, 0x0000000087700000, 0x0000000087700000|100%| O|  |TAMS 0x0000000087700000, 0x0000000087600000| Untracked 
| 119|0x0000000087700000, 0x0000000087800000, 0x0000000087800000|100%| O|  |TAMS 0x0000000087800000, 0x0000000087700000| Untracked 
| 120|0x0000000087800000, 0x0000000087900000, 0x0000000087900000|100%| O|  |TAMS 0x0000000087900000, 0x0000000087800000| Updating 
| 121|0x0000000087900000, 0x0000000087a00000, 0x0000000087a00000|100%| O|  |TAMS 0x0000000087a00000, 0x0000000087900000| Untracked 
| 122|0x0000000087a00000, 0x0000000087b00000, 0x0000000087b00000|100%| O|  |TAMS 0x0000000087b00000, 0x0000000087a00000| Untracked 
| 123|0x0000000087b00000, 0x0000000087c00000, 0x0000000087c00000|100%| O|  |TAMS 0x0000000087c00000, 0x0000000087b00000| Untracked 
| 124|0x0000000087c00000, 0x0000000087d00000, 0x0000000087d00000|100%| O|  |TAMS 0x0000000087d00000, 0x0000000087c00000| Untracked 
| 125|0x0000000087d00000, 0x0000000087e00000, 0x0000000087e00000|100%| O|  |TAMS 0x0000000087e00000, 0x0000000087d00000| Untracked 
| 126|0x0000000087e00000, 0x0000000087f00000, 0x0000000087f00000|100%| O|  |TAMS 0x0000000087f00000, 0x0000000087e00000| Untracked 
| 127|0x0000000087f00000, 0x0000000088000000, 0x0000000088000000|100%| O|  |TAMS 0x0000000088000000, 0x0000000087f00000| Untracked 
| 128|0x0000000088000000, 0x0000000088100000, 0x0000000088100000|100%| O|  |TAMS 0x0000000088100000, 0x0000000088000000| Untracked 
| 129|0x0000000088100000, 0x0000000088200000, 0x0000000088200000|100%| O|  |TAMS 0x0000000088200000, 0x0000000088100000| Updating 
| 130|0x0000000088200000, 0x0000000088300000, 0x0000000088300000|100%| O|  |TAMS 0x0000000088300000, 0x0000000088200000| Untracked 
| 131|0x0000000088300000, 0x0000000088400000, 0x0000000088400000|100%|HS|  |TAMS 0x0000000088400000, 0x0000000088300000| Complete 
| 132|0x0000000088400000, 0x0000000088500000, 0x0000000088500000|100%|HC|  |TAMS 0x0000000088500000, 0x0000000088400000| Complete 
| 133|0x0000000088500000, 0x0000000088600000, 0x0000000088600000|100%| O|  |TAMS 0x0000000088600000, 0x0000000088500000| Updating 
| 134|0x0000000088600000, 0x0000000088700000, 0x0000000088700000|100%| O|  |TAMS 0x0000000088700000, 0x0000000088600000| Updating 
| 135|0x0000000088700000, 0x0000000088800000, 0x0000000088800000|100%| O|  |TAMS 0x0000000088800000, 0x0000000088700000| Updating 
| 136|0x0000000088800000, 0x0000000088900000, 0x0000000088900000|100%| O|  |TAMS 0x0000000088900000, 0x0000000088800000| Updating 
| 137|0x0000000088900000, 0x0000000088a00000, 0x0000000088a00000|100%| O|  |TAMS 0x0000000088a00000, 0x0000000088900000| Updating 
| 138|0x0000000088a00000, 0x0000000088b00000, 0x0000000088b00000|100%| O|  |TAMS 0x0000000088b00000, 0x0000000088a00000| Updating 
| 139|0x0000000088b00000, 0x0000000088c00000, 0x0000000088c00000|100%| O|  |TAMS 0x0000000088c00000, 0x0000000088b00000| Untracked 
| 140|0x0000000088c00000, 0x0000000088d00000, 0x0000000088d00000|100%| O|  |TAMS 0x0000000088d00000, 0x0000000088c00000| Untracked 
| 141|0x0000000088d00000, 0x0000000088e00000, 0x0000000088e00000|100%| O|  |TAMS 0x0000000088e00000, 0x0000000088d00000| Updating 
| 142|0x0000000088e00000, 0x0000000088f00000, 0x0000000088f00000|100%| O|  |TAMS 0x0000000088f00000, 0x0000000088e00000| Untracked 
| 143|0x0000000088f00000, 0x0000000089000000, 0x0000000089000000|100%| O|  |TAMS 0x0000000089000000, 0x0000000088f00000| Untracked 
| 144|0x0000000089000000, 0x0000000089100000, 0x0000000089100000|100%| O|  |TAMS 0x0000000089100000, 0x0000000089000000| Untracked 
| 145|0x0000000089100000, 0x0000000089200000, 0x0000000089200000|100%| O|  |TAMS 0x0000000089200000, 0x0000000089100000| Untracked 
| 146|0x0000000089200000, 0x0000000089300000, 0x0000000089300000|100%| O|  |TAMS 0x0000000089300000, 0x0000000089200000| Untracked 
| 147|0x0000000089300000, 0x0000000089400000, 0x0000000089400000|100%| O|  |TAMS 0x0000000089400000, 0x0000000089300000| Updating 
| 148|0x0000000089400000, 0x0000000089500000, 0x0000000089500000|100%| O|  |TAMS 0x0000000089500000, 0x0000000089400000| Updating 
| 149|0x0000000089500000, 0x0000000089600000, 0x0000000089600000|100%| O|  |TAMS 0x0000000089600000, 0x0000000089500000| Untracked 
| 150|0x0000000089600000, 0x0000000089700000, 0x0000000089700000|100%| O|  |TAMS 0x0000000089700000, 0x0000000089600000| Untracked 
| 151|0x0000000089700000, 0x0000000089800000, 0x0000000089800000|100%| O|  |TAMS 0x0000000089800000, 0x0000000089700000| Updating 
| 152|0x0000000089800000, 0x0000000089900000, 0x0000000089900000|100%| O|  |TAMS 0x0000000089900000, 0x0000000089800000| Updating 
| 153|0x0000000089900000, 0x0000000089a00000, 0x0000000089a00000|100%| O|  |TAMS 0x0000000089a00000, 0x0000000089900000| Updating 
| 154|0x0000000089a00000, 0x0000000089b00000, 0x0000000089b00000|100%| O|  |TAMS 0x0000000089b00000, 0x0000000089a00000| Updating 
| 155|0x0000000089b00000, 0x0000000089c00000, 0x0000000089c00000|100%|HS|  |TAMS 0x0000000089c00000, 0x0000000089b00000| Complete 
| 156|0x0000000089c00000, 0x0000000089d00000, 0x0000000089d00000|100%|HS|  |TAMS 0x0000000089d00000, 0x0000000089c00000| Complete 
| 157|0x0000000089d00000, 0x0000000089e00000, 0x0000000089e00000|100%|HS|  |TAMS 0x0000000089e00000, 0x0000000089d00000| Complete 
| 158|0x0000000089e00000, 0x0000000089f00000, 0x0000000089f00000|100%|HC|  |TAMS 0x0000000089f00000, 0x0000000089e00000| Complete 
| 159|0x0000000089f00000, 0x000000008a000000, 0x000000008a000000|100%| O|  |TAMS 0x000000008a000000, 0x0000000089f00000| Updating 
| 160|0x000000008a000000, 0x000000008a100000, 0x000000008a100000|100%| O|  |TAMS 0x000000008a100000, 0x000000008a000000| Updating 
| 161|0x000000008a100000, 0x000000008a200000, 0x000000008a200000|100%| O|  |TAMS 0x000000008a200000, 0x000000008a100000| Untracked 
| 162|0x000000008a200000, 0x000000008a300000, 0x000000008a300000|100%| O|  |TAMS 0x000000008a300000, 0x000000008a200000| Untracked 
| 163|0x000000008a300000, 0x000000008a400000, 0x000000008a400000|100%| O|  |TAMS 0x000000008a400000, 0x000000008a300000| Untracked 
| 164|0x000000008a400000, 0x000000008a500000, 0x000000008a500000|100%| O|  |TAMS 0x000000008a500000, 0x000000008a400000| Untracked 
| 165|0x000000008a500000, 0x000000008a600000, 0x000000008a600000|100%| O|  |TAMS 0x000000008a600000, 0x000000008a500000| Untracked 
| 166|0x000000008a600000, 0x000000008a700000, 0x000000008a700000|100%| O|  |TAMS 0x000000008a700000, 0x000000008a600000| Untracked 
| 167|0x000000008a700000, 0x000000008a800000, 0x000000008a800000|100%| O|  |TAMS 0x000000008a800000, 0x000000008a700000| Updating 
| 168|0x000000008a800000, 0x000000008a900000, 0x000000008a900000|100%| O|  |TAMS 0x000000008a900000, 0x000000008a800000| Untracked 
| 169|0x000000008a900000, 0x000000008aa00000, 0x000000008aa00000|100%| O|  |TAMS 0x000000008aa00000, 0x000000008a900000| Untracked 
| 170|0x000000008aa00000, 0x000000008ab00000, 0x000000008ab00000|100%| O|  |TAMS 0x000000008ab00000, 0x000000008aa00000| Untracked 
| 171|0x000000008ab00000, 0x000000008ac00000, 0x000000008ac00000|100%| O|  |TAMS 0x000000008ac00000, 0x000000008ab00000| Untracked 
| 172|0x000000008ac00000, 0x000000008ad00000, 0x000000008ad00000|100%| O|  |TAMS 0x000000008ad00000, 0x000000008ac00000| Updating 
| 173|0x000000008ad00000, 0x000000008ae00000, 0x000000008ae00000|100%| O|  |TAMS 0x000000008ae00000, 0x000000008ad00000| Untracked 
| 174|0x000000008ae00000, 0x000000008af00000, 0x000000008af00000|100%| O|  |TAMS 0x000000008af00000, 0x000000008ae00000| Untracked 
| 175|0x000000008af00000, 0x000000008b000000, 0x000000008b000000|100%| O|  |TAMS 0x000000008b000000, 0x000000008af00000| Untracked 
| 176|0x000000008b000000, 0x000000008b100000, 0x000000008b100000|100%| O|  |TAMS 0x000000008b100000, 0x000000008b000000| Updating 
| 177|0x000000008b100000, 0x000000008b200000, 0x000000008b200000|100%| O|  |TAMS 0x000000008b200000, 0x000000008b100000| Updating 
| 178|0x000000008b200000, 0x000000008b300000, 0x000000008b300000|100%|HS|  |TAMS 0x000000008b300000, 0x000000008b200000| Complete 
| 179|0x000000008b300000, 0x000000008b400000, 0x000000008b400000|100%|HS|  |TAMS 0x000000008b400000, 0x000000008b300000| Complete 
| 180|0x000000008b400000, 0x000000008b500000, 0x000000008b500000|100%|HS|  |TAMS 0x000000008b500000, 0x000000008b400000| Complete 
| 181|0x000000008b500000, 0x000000008b600000, 0x000000008b600000|100%| O|  |TAMS 0x000000008b600000, 0x000000008b500000| Untracked 
| 182|0x000000008b600000, 0x000000008b700000, 0x000000008b700000|100%| O|  |TAMS 0x000000008b700000, 0x000000008b600000| Updating 
| 183|0x000000008b700000, 0x000000008b800000, 0x000000008b800000|100%| O|  |TAMS 0x000000008b800000, 0x000000008b700000| Untracked 
| 184|0x000000008b800000, 0x000000008b900000, 0x000000008b900000|100%| O|  |TAMS 0x000000008b900000, 0x000000008b800000| Untracked 
| 185|0x000000008b900000, 0x000000008ba00000, 0x000000008ba00000|100%| O|  |TAMS 0x000000008ba00000, 0x000000008b900000| Untracked 
| 186|0x000000008ba00000, 0x000000008bb00000, 0x000000008bb00000|100%| O|  |TAMS 0x000000008bb00000, 0x000000008ba00000| Untracked 
| 187|0x000000008bb00000, 0x000000008bc00000, 0x000000008bc00000|100%| O|  |TAMS 0x000000008bc00000, 0x000000008bb00000| Untracked 
| 188|0x000000008bc00000, 0x000000008bd00000, 0x000000008bd00000|100%| O|  |TAMS 0x000000008bd00000, 0x000000008bc00000| Untracked 
| 189|0x000000008bd00000, 0x000000008be00000, 0x000000008be00000|100%| O|  |TAMS 0x000000008be00000, 0x000000008bd00000| Untracked 
| 190|0x000000008be00000, 0x000000008bf00000, 0x000000008bf00000|100%| O|  |TAMS 0x000000008bf00000, 0x000000008be00000| Untracked 
| 191|0x000000008bf00000, 0x000000008c000000, 0x000000008c000000|100%| O|  |TAMS 0x000000008c000000, 0x000000008bf00000| Updating 
| 192|0x000000008c000000, 0x000000008c100000, 0x000000008c100000|100%| O|  |TAMS 0x000000008c100000, 0x000000008c000000| Untracked 
| 193|0x000000008c100000, 0x000000008c200000, 0x000000008c200000|100%| O|  |TAMS 0x000000008c200000, 0x000000008c100000| Updating 
| 194|0x000000008c200000, 0x000000008c300000, 0x000000008c300000|100%| O|  |TAMS 0x000000008c300000, 0x000000008c200000| Updating 
| 195|0x000000008c300000, 0x000000008c400000, 0x000000008c400000|100%|HS|  |TAMS 0x000000008c400000, 0x000000008c300000| Complete 
| 196|0x000000008c400000, 0x000000008c500000, 0x000000008c500000|100%|HS|  |TAMS 0x000000008c500000, 0x000000008c400000| Complete 
| 197|0x000000008c500000, 0x000000008c600000, 0x000000008c600000|100%| O|  |TAMS 0x000000008c600000, 0x000000008c500000| Untracked 
| 198|0x000000008c600000, 0x000000008c700000, 0x000000008c700000|100%| O|  |TAMS 0x000000008c700000, 0x000000008c600000| Updating 
| 199|0x000000008c700000, 0x000000008c800000, 0x000000008c800000|100%| O|  |TAMS 0x000000008c800000, 0x000000008c700000| Updating 
| 200|0x000000008c800000, 0x000000008c900000, 0x000000008c900000|100%| O|  |TAMS 0x000000008c900000, 0x000000008c800000| Updating 
| 201|0x000000008c900000, 0x000000008ca00000, 0x000000008ca00000|100%| O|  |TAMS 0x000000008ca00000, 0x000000008c900000| Untracked 
| 202|0x000000008ca00000, 0x000000008cb00000, 0x000000008cb00000|100%| O|  |TAMS 0x000000008cb00000, 0x000000008ca00000| Untracked 
| 203|0x000000008cb00000, 0x000000008cc00000, 0x000000008cc00000|100%| O|  |TAMS 0x000000008cc00000, 0x000000008cb00000| Updating 
| 204|0x000000008cc00000, 0x000000008cd00000, 0x000000008cd00000|100%|HS|  |TAMS 0x000000008cd00000, 0x000000008cc00000| Complete 
| 205|0x000000008cd00000, 0x000000008ce00000, 0x000000008ce00000|100%| O|  |TAMS 0x000000008ce00000, 0x000000008cd00000| Untracked 
| 206|0x000000008ce00000, 0x000000008cf00000, 0x000000008cf00000|100%| O|  |TAMS 0x000000008cf00000, 0x000000008ce00000| Untracked 
| 207|0x000000008cf00000, 0x000000008d000000, 0x000000008d000000|100%| O|  |TAMS 0x000000008d000000, 0x000000008cf00000| Untracked 
| 208|0x000000008d000000, 0x000000008d100000, 0x000000008d100000|100%| O|  |TAMS 0x000000008d100000, 0x000000008d000000| Untracked 
| 209|0x000000008d100000, 0x000000008d200000, 0x000000008d200000|100%| O|  |TAMS 0x000000008d200000, 0x000000008d100000| Untracked 
| 210|0x000000008d200000, 0x000000008d300000, 0x000000008d300000|100%| O|  |TAMS 0x000000008d300000, 0x000000008d200000| Untracked 
| 211|0x000000008d300000, 0x000000008d400000, 0x000000008d400000|100%| O|  |TAMS 0x000000008d400000, 0x000000008d300000| Untracked 
| 212|0x000000008d400000, 0x000000008d500000, 0x000000008d500000|100%| O|  |TAMS 0x000000008d500000, 0x000000008d400000| Updating 
| 213|0x000000008d500000, 0x000000008d600000, 0x000000008d600000|100%|HS|  |TAMS 0x000000008d600000, 0x000000008d500000| Complete 
| 214|0x000000008d600000, 0x000000008d700000, 0x000000008d700000|100%|HS|  |TAMS 0x000000008d700000, 0x000000008d600000| Complete 
| 215|0x000000008d700000, 0x000000008d800000, 0x000000008d800000|100%| O|  |TAMS 0x000000008d800000, 0x000000008d700000| Untracked 
| 216|0x000000008d800000, 0x000000008d900000, 0x000000008d900000|100%| O|  |TAMS 0x000000008d900000, 0x000000008d800000| Updating 
| 217|0x000000008d900000, 0x000000008da00000, 0x000000008da00000|100%| O|  |TAMS 0x000000008da00000, 0x000000008d900000| Untracked 
| 218|0x000000008da00000, 0x000000008db00000, 0x000000008db00000|100%| O|  |TAMS 0x000000008db00000, 0x000000008da00000| Untracked 
| 219|0x000000008db00000, 0x000000008dc00000, 0x000000008dc00000|100%| O|  |TAMS 0x000000008dc00000, 0x000000008db00000| Untracked 
| 220|0x000000008dc00000, 0x000000008dd00000, 0x000000008dd00000|100%| O|  |TAMS 0x000000008dd00000, 0x000000008dc00000| Untracked 
| 221|0x000000008dd00000, 0x000000008de00000, 0x000000008de00000|100%| O|  |TAMS 0x000000008de00000, 0x000000008dd00000| Updating 
| 222|0x000000008de00000, 0x000000008de00000, 0x000000008df00000|  0%| F|  |TAMS 0x000000008de00000, 0x000000008de00000| Untracked 
| 223|0x000000008df00000, 0x000000008e000000, 0x000000008e000000|100%| O|  |TAMS 0x000000008e000000, 0x000000008df00000| Updating 
| 224|0x000000008e000000, 0x000000008e100000, 0x000000008e100000|100%| O|  |TAMS 0x000000008e100000, 0x000000008e000000| Untracked 
| 225|0x000000008e100000, 0x000000008e200000, 0x000000008e200000|100%| O|  |TAMS 0x000000008e200000, 0x000000008e100000| Untracked 
| 226|0x000000008e200000, 0x000000008e300000, 0x000000008e300000|100%| O|  |TAMS 0x000000008e300000, 0x000000008e200000| Untracked 
| 227|0x000000008e300000, 0x000000008e400000, 0x000000008e400000|100%| O|  |TAMS 0x000000008e400000, 0x000000008e300000| Untracked 
| 228|0x000000008e400000, 0x000000008e500000, 0x000000008e500000|100%| O|  |TAMS 0x000000008e500000, 0x000000008e400000| Untracked 
| 229|0x000000008e500000, 0x000000008e600000, 0x000000008e600000|100%| O|  |TAMS 0x000000008e600000, 0x000000008e500000| Untracked 
| 230|0x000000008e600000, 0x000000008e700000, 0x000000008e700000|100%| O|  |TAMS 0x000000008e700000, 0x000000008e600000| Updating 
| 231|0x000000008e700000, 0x000000008e800000, 0x000000008e800000|100%| O|  |TAMS 0x000000008e800000, 0x000000008e700000| Untracked 
| 232|0x000000008e800000, 0x000000008e900000, 0x000000008e900000|100%| O|  |TAMS 0x000000008e900000, 0x000000008e800000| Untracked 
| 233|0x000000008e900000, 0x000000008ea00000, 0x000000008ea00000|100%| O|  |TAMS 0x000000008ea00000, 0x000000008e900000| Untracked 
| 234|0x000000008ea00000, 0x000000008eb00000, 0x000000008eb00000|100%| O|  |TAMS 0x000000008eb00000, 0x000000008ea00000| Untracked 
| 235|0x000000008eb00000, 0x000000008ec00000, 0x000000008ec00000|100%| O|  |TAMS 0x000000008ec00000, 0x000000008eb00000| Untracked 
| 236|0x000000008ec00000, 0x000000008ed00000, 0x000000008ed00000|100%| O|  |TAMS 0x000000008ed00000, 0x000000008ec00000| Untracked 
| 237|0x000000008ed00000, 0x000000008ee00000, 0x000000008ee00000|100%| O|  |TAMS 0x000000008ee00000, 0x000000008ed00000| Untracked 
| 238|0x000000008ee00000, 0x000000008ef00000, 0x000000008ef00000|100%| O|  |TAMS 0x000000008ef00000, 0x000000008ee00000| Untracked 
| 239|0x000000008ef00000, 0x000000008f000000, 0x000000008f000000|100%| O|  |TAMS 0x000000008f000000, 0x000000008ef00000| Untracked 
| 240|0x000000008f000000, 0x000000008f100000, 0x000000008f100000|100%| O|  |TAMS 0x000000008f100000, 0x000000008f000000| Untracked 
| 241|0x000000008f100000, 0x000000008f200000, 0x000000008f200000|100%| O|  |TAMS 0x000000008f200000, 0x000000008f100000| Updating 
| 242|0x000000008f200000, 0x000000008f300000, 0x000000008f300000|100%| O|  |TAMS 0x000000008f300000, 0x000000008f200000| Updating 
| 243|0x000000008f300000, 0x000000008f400000, 0x000000008f400000|100%| O|  |TAMS 0x000000008f400000, 0x000000008f300000| Untracked 
| 244|0x000000008f400000, 0x000000008f500000, 0x000000008f500000|100%| O|  |TAMS 0x000000008f500000, 0x000000008f400000| Untracked 
| 245|0x000000008f500000, 0x000000008f600000, 0x000000008f600000|100%| O|  |TAMS 0x000000008f600000, 0x000000008f500000| Untracked 
| 246|0x000000008f600000, 0x000000008f700000, 0x000000008f700000|100%| O|  |TAMS 0x000000008f700000, 0x000000008f600000| Updating 
| 247|0x000000008f700000, 0x000000008f800000, 0x000000008f800000|100%| O|  |TAMS 0x000000008f800000, 0x000000008f700000| Untracked 
| 248|0x000000008f800000, 0x000000008f900000, 0x000000008f900000|100%|HS|  |TAMS 0x000000008f900000, 0x000000008f800000| Complete 
| 249|0x000000008f900000, 0x000000008fa00000, 0x000000008fa00000|100%| O|  |TAMS 0x000000008fa00000, 0x000000008f900000| Untracked 
| 250|0x000000008fa00000, 0x000000008fb00000, 0x000000008fb00000|100%| O|  |TAMS 0x000000008fb00000, 0x000000008fa00000| Untracked 
| 251|0x000000008fb00000, 0x000000008fc00000, 0x000000008fc00000|100%| O|  |TAMS 0x000000008fc00000, 0x000000008fb00000| Untracked 
| 252|0x000000008fc00000, 0x000000008fd00000, 0x000000008fd00000|100%| O|  |TAMS 0x000000008fd00000, 0x000000008fc00000| Updating 
| 253|0x000000008fd00000, 0x000000008fe00000, 0x000000008fe00000|100%|HS|  |TAMS 0x000000008fe00000, 0x000000008fd00000| Complete 
| 254|0x000000008fe00000, 0x000000008ff00000, 0x000000008ff00000|100%|HS|  |TAMS 0x000000008ff00000, 0x000000008fe00000| Complete 
| 255|0x000000008ff00000, 0x0000000090000000, 0x0000000090000000|100%| O|  |TAMS 0x0000000090000000, 0x000000008ff00000| Untracked 
| 256|0x0000000090000000, 0x0000000090100000, 0x0000000090100000|100%| O|  |TAMS 0x0000000090100000, 0x0000000090000000| Updating 
| 257|0x0000000090100000, 0x0000000090200000, 0x0000000090200000|100%| O|  |TAMS 0x0000000090200000, 0x0000000090100000| Untracked 
| 258|0x0000000090200000, 0x0000000090300000, 0x0000000090300000|100%| O|  |TAMS 0x0000000090300000, 0x0000000090200000| Updating 
| 259|0x0000000090300000, 0x0000000090400000, 0x0000000090400000|100%| O|  |TAMS 0x0000000090400000, 0x0000000090300000| Untracked 
| 260|0x0000000090400000, 0x0000000090500000, 0x0000000090500000|100%| O|  |TAMS 0x0000000090500000, 0x0000000090400000| Untracked 
| 261|0x0000000090500000, 0x0000000090600000, 0x0000000090600000|100%| O|  |TAMS 0x0000000090600000, 0x0000000090500000| Untracked 
| 262|0x0000000090600000, 0x0000000090700000, 0x0000000090700000|100%| O|  |TAMS 0x0000000090700000, 0x0000000090600000| Updating 
| 263|0x0000000090700000, 0x0000000090800000, 0x0000000090800000|100%| O|  |TAMS 0x0000000090800000, 0x0000000090700000| Updating 
| 264|0x0000000090800000, 0x0000000090900000, 0x0000000090900000|100%| O|  |TAMS 0x0000000090900000, 0x0000000090800000| Updating 
| 265|0x0000000090900000, 0x0000000090a00000, 0x0000000090a00000|100%| O|  |TAMS 0x0000000090a00000, 0x0000000090900000| Untracked 
| 266|0x0000000090a00000, 0x0000000090b00000, 0x0000000090b00000|100%| O|  |TAMS 0x0000000090b00000, 0x0000000090a00000| Untracked 
| 267|0x0000000090b00000, 0x0000000090c00000, 0x0000000090c00000|100%| O|  |TAMS 0x0000000090c00000, 0x0000000090b00000| Updating 
| 268|0x0000000090c00000, 0x0000000090d00000, 0x0000000090d00000|100%| O|  |TAMS 0x0000000090d00000, 0x0000000090c00000| Untracked 
| 269|0x0000000090d00000, 0x0000000090e00000, 0x0000000090e00000|100%| O|  |TAMS 0x0000000090e00000, 0x0000000090d00000| Untracked 
| 270|0x0000000090e00000, 0x0000000090f00000, 0x0000000090f00000|100%| O|  |TAMS 0x0000000090f00000, 0x0000000090e00000| Untracked 
| 271|0x0000000090f00000, 0x0000000091000000, 0x0000000091000000|100%| O|  |TAMS 0x0000000091000000, 0x0000000090f00000| Untracked 
| 272|0x0000000091000000, 0x0000000091100000, 0x0000000091100000|100%| O|  |TAMS 0x0000000091100000, 0x0000000091000000| Untracked 
| 273|0x0000000091100000, 0x0000000091200000, 0x0000000091200000|100%| O|  |TAMS 0x0000000091200000, 0x0000000091100000| Untracked 
| 274|0x0000000091200000, 0x0000000091300000, 0x0000000091300000|100%| O|  |TAMS 0x0000000091300000, 0x0000000091200000| Untracked 
| 275|0x0000000091300000, 0x0000000091400000, 0x0000000091400000|100%| O|  |TAMS 0x0000000091400000, 0x0000000091300000| Untracked 
| 276|0x0000000091400000, 0x0000000091500000, 0x0000000091500000|100%| O|  |TAMS 0x0000000091500000, 0x0000000091400000| Updating 
| 277|0x0000000091500000, 0x0000000091600000, 0x0000000091600000|100%| O|  |TAMS 0x0000000091600000, 0x0000000091500000| Updating 
| 278|0x0000000091600000, 0x0000000091700000, 0x0000000091700000|100%| O|  |TAMS 0x0000000091700000, 0x0000000091600000| Updating 
| 279|0x0000000091700000, 0x0000000091800000, 0x0000000091800000|100%| O|  |TAMS 0x0000000091800000, 0x0000000091700000| Updating 
| 280|0x0000000091800000, 0x0000000091900000, 0x0000000091900000|100%| O|  |TAMS 0x0000000091900000, 0x0000000091800000| Updating 
| 281|0x0000000091900000, 0x0000000091a00000, 0x0000000091a00000|100%| O|  |TAMS 0x0000000091a00000, 0x0000000091900000| Updating 
| 282|0x0000000091a00000, 0x0000000091b00000, 0x0000000091b00000|100%| O|  |TAMS 0x0000000091b00000, 0x0000000091a00000| Untracked 
| 283|0x0000000091b00000, 0x0000000091c00000, 0x0000000091c00000|100%| O|  |TAMS 0x0000000091c00000, 0x0000000091b00000| Updating 
| 284|0x0000000091c00000, 0x0000000091d00000, 0x0000000091d00000|100%| O|  |TAMS 0x0000000091d00000, 0x0000000091c00000| Untracked 
| 285|0x0000000091d00000, 0x0000000091e00000, 0x0000000091e00000|100%| O|  |TAMS 0x0000000091e00000, 0x0000000091d00000| Untracked 
| 286|0x0000000091e00000, 0x0000000091f00000, 0x0000000091f00000|100%| O|  |TAMS 0x0000000091f00000, 0x0000000091e00000| Untracked 
| 287|0x0000000091f00000, 0x0000000092000000, 0x0000000092000000|100%| O|  |TAMS 0x0000000092000000, 0x0000000091f00000| Untracked 
| 288|0x0000000092000000, 0x0000000092100000, 0x0000000092100000|100%| O|  |TAMS 0x0000000092100000, 0x0000000092000000| Untracked 
| 289|0x0000000092100000, 0x0000000092200000, 0x0000000092200000|100%| O|  |TAMS 0x0000000092200000, 0x0000000092100000| Untracked 
| 290|0x0000000092200000, 0x0000000092300000, 0x0000000092300000|100%| O|  |TAMS 0x0000000092300000, 0x0000000092200000| Untracked 
| 291|0x0000000092300000, 0x0000000092400000, 0x0000000092400000|100%| O|  |TAMS 0x0000000092400000, 0x0000000092300000| Untracked 
| 292|0x0000000092400000, 0x0000000092500000, 0x0000000092500000|100%| O|  |TAMS 0x0000000092500000, 0x0000000092400000| Untracked 
| 293|0x0000000092500000, 0x0000000092600000, 0x0000000092600000|100%| O|  |TAMS 0x0000000092600000, 0x0000000092500000| Untracked 
| 294|0x0000000092600000, 0x0000000092700000, 0x0000000092700000|100%| O|  |TAMS 0x0000000092700000, 0x0000000092600000| Untracked 
| 295|0x0000000092700000, 0x0000000092800000, 0x0000000092800000|100%| O|  |TAMS 0x0000000092800000, 0x0000000092700000| Untracked 
| 296|0x0000000092800000, 0x0000000092900000, 0x0000000092900000|100%| O|  |TAMS 0x0000000092900000, 0x0000000092800000| Updating 
| 297|0x0000000092900000, 0x0000000092a00000, 0x0000000092a00000|100%| O|  |TAMS 0x0000000092a00000, 0x0000000092900000| Untracked 
| 298|0x0000000092a00000, 0x0000000092b00000, 0x0000000092b00000|100%| O|  |TAMS 0x0000000092b00000, 0x0000000092a00000| Untracked 
| 299|0x0000000092b00000, 0x0000000092c00000, 0x0000000092c00000|100%| O|  |TAMS 0x0000000092c00000, 0x0000000092b00000| Updating 
| 300|0x0000000092c00000, 0x0000000092d00000, 0x0000000092d00000|100%| O|  |TAMS 0x0000000092d00000, 0x0000000092c00000| Updating 
| 301|0x0000000092d00000, 0x0000000092e00000, 0x0000000092e00000|100%| O|  |TAMS 0x0000000092e00000, 0x0000000092d00000| Untracked 
| 302|0x0000000092e00000, 0x0000000092f00000, 0x0000000092f00000|100%| O|  |TAMS 0x0000000092f00000, 0x0000000092e00000| Updating 
| 303|0x0000000092f00000, 0x0000000093000000, 0x0000000093000000|100%| O|  |TAMS 0x0000000093000000, 0x0000000092f00000| Untracked 
| 304|0x0000000093000000, 0x0000000093100000, 0x0000000093100000|100%| O|  |TAMS 0x0000000093100000, 0x0000000093000000| Updating 
| 305|0x0000000093100000, 0x0000000093200000, 0x0000000093200000|100%| O|  |TAMS 0x0000000093200000, 0x0000000093100000| Untracked 
| 306|0x0000000093200000, 0x0000000093300000, 0x0000000093300000|100%| O|  |TAMS 0x0000000093300000, 0x0000000093200000| Untracked 
| 307|0x0000000093300000, 0x0000000093400000, 0x0000000093400000|100%| O|  |TAMS 0x0000000093400000, 0x0000000093300000| Untracked 
| 308|0x0000000093400000, 0x0000000093500000, 0x0000000093500000|100%| O|  |TAMS 0x0000000093500000, 0x0000000093400000| Untracked 
| 309|0x0000000093500000, 0x0000000093600000, 0x0000000093600000|100%| O|  |TAMS 0x0000000093600000, 0x0000000093500000| Untracked 
| 310|0x0000000093600000, 0x0000000093700000, 0x0000000093700000|100%| O|  |TAMS 0x0000000093700000, 0x0000000093600000| Untracked 
| 311|0x0000000093700000, 0x0000000093800000, 0x0000000093800000|100%| O|  |TAMS 0x0000000093800000, 0x0000000093700000| Untracked 
| 312|0x0000000093800000, 0x0000000093900000, 0x0000000093900000|100%| O|  |TAMS 0x0000000093900000, 0x0000000093800000| Untracked 
| 313|0x0000000093900000, 0x0000000093a00000, 0x0000000093a00000|100%| O|  |TAMS 0x0000000093a00000, 0x0000000093900000| Updating 
| 314|0x0000000093a00000, 0x0000000093b00000, 0x0000000093b00000|100%| O|  |TAMS 0x0000000093b00000, 0x0000000093a00000| Updating 
| 315|0x0000000093b00000, 0x0000000093c00000, 0x0000000093c00000|100%| O|  |TAMS 0x0000000093c00000, 0x0000000093b00000| Updating 
| 316|0x0000000093c00000, 0x0000000093d00000, 0x0000000093d00000|100%| O|  |TAMS 0x0000000093d00000, 0x0000000093c00000| Untracked 
| 317|0x0000000093d00000, 0x0000000093e00000, 0x0000000093e00000|100%| O|  |TAMS 0x0000000093e00000, 0x0000000093d00000| Untracked 
| 318|0x0000000093e00000, 0x0000000093f00000, 0x0000000093f00000|100%| O|  |TAMS 0x0000000093f00000, 0x0000000093e00000| Untracked 
| 319|0x0000000093f00000, 0x0000000094000000, 0x0000000094000000|100%| O|  |TAMS 0x0000000094000000, 0x0000000093f00000| Updating 
| 320|0x0000000094000000, 0x0000000094100000, 0x0000000094100000|100%| O|  |TAMS 0x0000000094100000, 0x0000000094000000| Updating 
| 321|0x0000000094100000, 0x0000000094200000, 0x0000000094200000|100%| O|  |TAMS 0x0000000094200000, 0x0000000094100000| Updating 
| 322|0x0000000094200000, 0x0000000094300000, 0x0000000094300000|100%| O|  |TAMS 0x0000000094300000, 0x0000000094200000| Untracked 
| 323|0x0000000094300000, 0x0000000094400000, 0x0000000094400000|100%| O|  |TAMS 0x0000000094400000, 0x0000000094300000| Untracked 
| 324|0x0000000094400000, 0x0000000094500000, 0x0000000094500000|100%| O|  |TAMS 0x0000000094500000, 0x0000000094400000| Updating 
| 325|0x0000000094500000, 0x0000000094600000, 0x0000000094600000|100%|HS|  |TAMS 0x0000000094600000, 0x0000000094500000| Complete 
| 326|0x0000000094600000, 0x0000000094700000, 0x0000000094700000|100%|HC|  |TAMS 0x0000000094700000, 0x0000000094600000| Complete 
| 327|0x0000000094700000, 0x0000000094800000, 0x0000000094800000|100%| O|  |TAMS 0x0000000094800000, 0x0000000094700000| Untracked 
| 328|0x0000000094800000, 0x0000000094900000, 0x0000000094900000|100%| O|  |TAMS 0x0000000094900000, 0x0000000094800000| Untracked 
| 329|0x0000000094900000, 0x0000000094a00000, 0x0000000094a00000|100%| O|  |TAMS 0x0000000094a00000, 0x0000000094900000| Updating 
| 330|0x0000000094a00000, 0x0000000094b00000, 0x0000000094b00000|100%| O|  |TAMS 0x0000000094b00000, 0x0000000094a00000| Updating 
| 331|0x0000000094b00000, 0x0000000094c00000, 0x0000000094c00000|100%| O|  |TAMS 0x0000000094c00000, 0x0000000094b00000| Updating 
| 332|0x0000000094c00000, 0x0000000094c00000, 0x0000000094d00000|  0%| F|  |TAMS 0x0000000094c00000, 0x0000000094c00000| Untracked 
| 333|0x0000000094d00000, 0x0000000094d00000, 0x0000000094e00000|  0%| F|  |TAMS 0x0000000094d00000, 0x0000000094d00000| Untracked 
| 334|0x0000000094e00000, 0x0000000094e00000, 0x0000000094f00000|  0%| F|  |TAMS 0x0000000094e00000, 0x0000000094e00000| Untracked 
| 335|0x0000000094f00000, 0x0000000094f00000, 0x0000000095000000|  0%| F|  |TAMS 0x0000000094f00000, 0x0000000094f00000| Untracked 
| 336|0x0000000095000000, 0x0000000095000000, 0x0000000095100000|  0%| F|  |TAMS 0x0000000095000000, 0x0000000095000000| Untracked 
| 337|0x0000000095100000, 0x0000000095200000, 0x0000000095200000|100%| O|  |TAMS 0x0000000095200000, 0x0000000095100000| Updating 
| 338|0x0000000095200000, 0x0000000095300000, 0x0000000095300000|100%| O|  |TAMS 0x0000000095300000, 0x0000000095200000| Updating 
| 339|0x0000000095300000, 0x0000000095400000, 0x0000000095400000|100%| O|  |TAMS 0x0000000095400000, 0x0000000095300000| Untracked 
| 340|0x0000000095400000, 0x0000000095500000, 0x0000000095500000|100%| O|  |TAMS 0x0000000095500000, 0x0000000095400000| Updating 
| 341|0x0000000095500000, 0x0000000095600000, 0x0000000095600000|100%| O|  |TAMS 0x0000000095600000, 0x0000000095500000| Updating 
| 342|0x0000000095600000, 0x0000000095700000, 0x0000000095700000|100%| O|  |TAMS 0x0000000095700000, 0x0000000095600000| Updating 
| 343|0x0000000095700000, 0x0000000095800000, 0x0000000095800000|100%| O|  |TAMS 0x0000000095800000, 0x0000000095700000| Updating 
| 344|0x0000000095800000, 0x0000000095900000, 0x0000000095900000|100%| O|  |TAMS 0x0000000095900000, 0x0000000095800000| Updating 
| 345|0x0000000095900000, 0x0000000095a00000, 0x0000000095a00000|100%| O|  |TAMS 0x0000000095a00000, 0x0000000095900000| Updating 
| 346|0x0000000095a00000, 0x0000000095b00000, 0x0000000095b00000|100%| O|  |TAMS 0x0000000095b00000, 0x0000000095a00000| Updating 
| 347|0x0000000095b00000, 0x0000000095c00000, 0x0000000095c00000|100%| O|  |TAMS 0x0000000095c00000, 0x0000000095b00000| Updating 
| 348|0x0000000095c00000, 0x0000000095d00000, 0x0000000095d00000|100%| O|  |TAMS 0x0000000095d00000, 0x0000000095c00000| Updating 
| 349|0x0000000095d00000, 0x0000000095e00000, 0x0000000095e00000|100%| O|  |TAMS 0x0000000095e00000, 0x0000000095d00000| Updating 
| 350|0x0000000095e00000, 0x0000000095f00000, 0x0000000095f00000|100%| O|  |TAMS 0x0000000095f00000, 0x0000000095e00000| Updating 
| 351|0x0000000095f00000, 0x0000000096000000, 0x0000000096000000|100%| O|  |TAMS 0x0000000096000000, 0x0000000095f00000| Updating 
| 352|0x0000000096000000, 0x0000000096100000, 0x0000000096100000|100%| O|  |TAMS 0x0000000096100000, 0x0000000096000000| Updating 
| 353|0x0000000096100000, 0x0000000096200000, 0x0000000096200000|100%|HS|  |TAMS 0x0000000096200000, 0x0000000096100000| Complete 
| 354|0x0000000096200000, 0x0000000096300000, 0x0000000096300000|100%|HC|  |TAMS 0x0000000096300000, 0x0000000096200000| Complete 
| 355|0x0000000096300000, 0x0000000096400000, 0x0000000096400000|100%| O|  |TAMS 0x0000000096400000, 0x0000000096300000| Untracked 
| 356|0x0000000096400000, 0x0000000096500000, 0x0000000096500000|100%| O|  |TAMS 0x0000000096500000, 0x0000000096400000| Updating 
| 357|0x0000000096500000, 0x0000000096600000, 0x0000000096600000|100%| O|  |TAMS 0x0000000096600000, 0x0000000096500000| Updating 
| 358|0x0000000096600000, 0x0000000096700000, 0x0000000096700000|100%| O|  |TAMS 0x0000000096700000, 0x0000000096600000| Updating 
| 359|0x0000000096700000, 0x0000000096800000, 0x0000000096800000|100%| O|  |TAMS 0x0000000096800000, 0x0000000096700000| Updating 
| 360|0x0000000096800000, 0x0000000096900000, 0x0000000096900000|100%| O|  |TAMS 0x0000000096900000, 0x0000000096800000| Updating 
| 361|0x0000000096900000, 0x0000000096a00000, 0x0000000096a00000|100%| O|  |TAMS 0x0000000096a00000, 0x0000000096900000| Updating 
| 362|0x0000000096a00000, 0x0000000096b00000, 0x0000000096b00000|100%| O|  |TAMS 0x0000000096b00000, 0x0000000096a00000| Updating 
| 363|0x0000000096b00000, 0x0000000096c00000, 0x0000000096c00000|100%| O|  |TAMS 0x0000000096c00000, 0x0000000096b00000| Updating 
| 364|0x0000000096c00000, 0x0000000096d00000, 0x0000000096d00000|100%| O|  |TAMS 0x0000000096d00000, 0x0000000096c00000| Updating 
| 365|0x0000000096d00000, 0x0000000096e00000, 0x0000000096e00000|100%| O|  |TAMS 0x0000000096e00000, 0x0000000096d00000| Updating 
| 366|0x0000000096e00000, 0x0000000096f00000, 0x0000000096f00000|100%| O|  |TAMS 0x0000000096f00000, 0x0000000096e00000| Updating 
| 367|0x0000000096f00000, 0x0000000097000000, 0x0000000097000000|100%| O|  |TAMS 0x0000000097000000, 0x0000000096f00000| Updating 
| 368|0x0000000097000000, 0x0000000097100000, 0x0000000097100000|100%| O|  |TAMS 0x0000000097100000, 0x0000000097000000| Updating 
| 369|0x0000000097100000, 0x0000000097100000, 0x0000000097200000|  0%| F|  |TAMS 0x0000000097100000, 0x0000000097100000| Untracked 
| 370|0x0000000097200000, 0x0000000097300000, 0x0000000097300000|100%| O|  |TAMS 0x0000000097300000, 0x0000000097200000| Updating 
| 371|0x0000000097300000, 0x0000000097400000, 0x0000000097400000|100%| O|  |TAMS 0x0000000097400000, 0x0000000097300000| Updating 
| 372|0x0000000097400000, 0x0000000097500000, 0x0000000097500000|100%| O|  |TAMS 0x0000000097500000, 0x0000000097400000| Updating 
| 373|0x0000000097500000, 0x0000000097600000, 0x0000000097600000|100%| O|  |TAMS 0x0000000097600000, 0x0000000097500000| Updating 
| 374|0x0000000097600000, 0x0000000097700000, 0x0000000097700000|100%| O|  |TAMS 0x0000000097700000, 0x0000000097600000| Updating 
| 375|0x0000000097700000, 0x0000000097800000, 0x0000000097800000|100%| O|  |TAMS 0x0000000097800000, 0x0000000097700000| Updating 
| 376|0x0000000097800000, 0x0000000097900000, 0x0000000097900000|100%| O|  |TAMS 0x0000000097900000, 0x0000000097800000| Updating 
| 377|0x0000000097900000, 0x0000000097a00000, 0x0000000097a00000|100%| O|  |TAMS 0x0000000097a00000, 0x0000000097900000| Updating 
| 378|0x0000000097a00000, 0x0000000097b00000, 0x0000000097b00000|100%| O|  |TAMS 0x0000000097b00000, 0x0000000097a00000| Updating 
| 379|0x0000000097b00000, 0x0000000097c00000, 0x0000000097c00000|100%| O|  |TAMS 0x0000000097c00000, 0x0000000097b00000| Updating 
| 380|0x0000000097c00000, 0x0000000097d00000, 0x0000000097d00000|100%| O|  |TAMS 0x0000000097d00000, 0x0000000097c00000| Updating 
| 381|0x0000000097d00000, 0x0000000097e00000, 0x0000000097e00000|100%| O|  |TAMS 0x0000000097e00000, 0x0000000097d00000| Updating 
| 382|0x0000000097e00000, 0x0000000097f00000, 0x0000000097f00000|100%|HS|  |TAMS 0x0000000097f00000, 0x0000000097e00000| Complete 
| 383|0x0000000097f00000, 0x0000000098000000, 0x0000000098000000|100%|HC|  |TAMS 0x0000000098000000, 0x0000000097f00000| Complete 
| 384|0x0000000098000000, 0x0000000098100000, 0x0000000098100000|100%| O|  |TAMS 0x0000000098100000, 0x0000000098000000| Updating 
| 385|0x0000000098100000, 0x0000000098200000, 0x0000000098200000|100%| O|  |TAMS 0x0000000098200000, 0x0000000098100000| Updating 
| 386|0x0000000098200000, 0x0000000098300000, 0x0000000098300000|100%| O|  |TAMS 0x0000000098300000, 0x0000000098200000| Updating 
| 387|0x0000000098300000, 0x0000000098400000, 0x0000000098400000|100%| O|  |TAMS 0x0000000098400000, 0x0000000098300000| Updating 
| 388|0x0000000098400000, 0x0000000098500000, 0x0000000098500000|100%| O|  |TAMS 0x0000000098500000, 0x0000000098400000| Updating 
| 389|0x0000000098500000, 0x0000000098600000, 0x0000000098600000|100%| O|  |TAMS 0x0000000098600000, 0x0000000098500000| Updating 
| 390|0x0000000098600000, 0x0000000098700000, 0x0000000098700000|100%| O|  |TAMS 0x0000000098700000, 0x0000000098600000| Updating 
| 391|0x0000000098700000, 0x0000000098800000, 0x0000000098800000|100%| O|  |TAMS 0x0000000098800000, 0x0000000098700000| Updating 
| 392|0x0000000098800000, 0x0000000098900000, 0x0000000098900000|100%| O|  |TAMS 0x0000000098900000, 0x0000000098800000| Updating 
| 393|0x0000000098900000, 0x0000000098a00000, 0x0000000098a00000|100%| O|  |TAMS 0x0000000098a00000, 0x0000000098900000| Updating 
| 394|0x0000000098a00000, 0x0000000098b00000, 0x0000000098b00000|100%| O|  |TAMS 0x0000000098b00000, 0x0000000098a00000| Updating 
| 395|0x0000000098b00000, 0x0000000098c00000, 0x0000000098c00000|100%| O|  |TAMS 0x0000000098c00000, 0x0000000098b00000| Updating 
| 396|0x0000000098c00000, 0x0000000098d00000, 0x0000000098d00000|100%| O|  |TAMS 0x0000000098d00000, 0x0000000098c00000| Updating 
| 397|0x0000000098d00000, 0x0000000098e00000, 0x0000000098e00000|100%| O|  |TAMS 0x0000000098e00000, 0x0000000098d00000| Updating 
| 398|0x0000000098e00000, 0x0000000098f00000, 0x0000000098f00000|100%| O|  |TAMS 0x0000000098f00000, 0x0000000098e00000| Updating 
| 399|0x0000000098f00000, 0x0000000099000000, 0x0000000099000000|100%| O|  |TAMS 0x0000000099000000, 0x0000000098f00000| Updating 
| 400|0x0000000099000000, 0x0000000099100000, 0x0000000099100000|100%| O|  |TAMS 0x0000000099100000, 0x0000000099000000| Updating 
| 401|0x0000000099100000, 0x0000000099200000, 0x0000000099200000|100%| O|  |TAMS 0x0000000099200000, 0x0000000099100000| Updating 
| 402|0x0000000099200000, 0x0000000099300000, 0x0000000099300000|100%| O|  |TAMS 0x0000000099300000, 0x0000000099200000| Updating 
| 403|0x0000000099300000, 0x0000000099400000, 0x0000000099400000|100%| O|  |TAMS 0x0000000099400000, 0x0000000099300000| Updating 
| 404|0x0000000099400000, 0x0000000099500000, 0x0000000099500000|100%| O|  |TAMS 0x0000000099500000, 0x0000000099400000| Updating 
| 405|0x0000000099500000, 0x0000000099600000, 0x0000000099600000|100%| O|  |TAMS 0x0000000099600000, 0x0000000099500000| Updating 
| 406|0x0000000099600000, 0x0000000099700000, 0x0000000099700000|100%| O|  |TAMS 0x00000000996b4800, 0x0000000099600000| Untracked 
| 407|0x0000000099700000, 0x0000000099800000, 0x0000000099800000|100%| O|  |TAMS 0x0000000099700000, 0x0000000099700000| Untracked 
| 408|0x0000000099800000, 0x0000000099900000, 0x0000000099900000|100%| O|  |TAMS 0x0000000099800000, 0x0000000099800000| Untracked 
| 409|0x0000000099900000, 0x0000000099a00000, 0x0000000099a00000|100%| O|  |TAMS 0x0000000099900000, 0x0000000099900000| Untracked 
| 410|0x0000000099a00000, 0x0000000099b00000, 0x0000000099b00000|100%| O|  |TAMS 0x0000000099a00000, 0x0000000099a00000| Untracked 
| 411|0x0000000099b00000, 0x0000000099b66000, 0x0000000099c00000| 39%| O|  |TAMS 0x0000000099b00000, 0x0000000099b00000| Updating 
| 412|0x0000000099c00000, 0x0000000099c00000, 0x0000000099d00000|  0%| F|  |TAMS 0x0000000099c00000, 0x0000000099c00000| Untracked 
| 413|0x0000000099d00000, 0x0000000099d00000, 0x0000000099e00000|  0%| F|  |TAMS 0x0000000099d00000, 0x0000000099d00000| Untracked 
| 414|0x0000000099e00000, 0x0000000099e00000, 0x0000000099f00000|  0%| F|  |TAMS 0x0000000099e00000, 0x0000000099e00000| Untracked 
| 415|0x0000000099f00000, 0x0000000099f00000, 0x000000009a000000|  0%| F|  |TAMS 0x0000000099f00000, 0x0000000099f00000| Untracked 
| 416|0x000000009a000000, 0x000000009a000000, 0x000000009a100000|  0%| F|  |TAMS 0x000000009a000000, 0x000000009a000000| Untracked 
| 417|0x000000009a100000, 0x000000009a100000, 0x000000009a200000|  0%| F|  |TAMS 0x000000009a100000, 0x000000009a100000| Untracked 
| 418|0x000000009a200000, 0x000000009a200000, 0x000000009a300000|  0%| F|  |TAMS 0x000000009a200000, 0x000000009a200000| Untracked 
| 419|0x000000009a300000, 0x000000009a300000, 0x000000009a400000|  0%| F|  |TAMS 0x000000009a300000, 0x000000009a300000| Untracked 
| 420|0x000000009a400000, 0x000000009a400000, 0x000000009a500000|  0%| F|  |TAMS 0x000000009a400000, 0x000000009a400000| Untracked 
| 421|0x000000009a500000, 0x000000009a500000, 0x000000009a600000|  0%| F|  |TAMS 0x000000009a500000, 0x000000009a500000| Untracked 
| 422|0x000000009a600000, 0x000000009a600000, 0x000000009a700000|  0%| F|  |TAMS 0x000000009a600000, 0x000000009a600000| Untracked 
| 423|0x000000009a700000, 0x000000009a700000, 0x000000009a800000|  0%| F|  |TAMS 0x000000009a700000, 0x000000009a700000| Untracked 
| 424|0x000000009a800000, 0x000000009a800000, 0x000000009a900000|  0%| F|  |TAMS 0x000000009a800000, 0x000000009a800000| Untracked 
| 425|0x000000009a900000, 0x000000009a900000, 0x000000009aa00000|  0%| F|  |TAMS 0x000000009a900000, 0x000000009a900000| Untracked 
| 426|0x000000009aa00000, 0x000000009aa00000, 0x000000009ab00000|  0%| F|  |TAMS 0x000000009aa00000, 0x000000009aa00000| Untracked 
| 427|0x000000009ab00000, 0x000000009ab00000, 0x000000009ac00000|  0%| F|  |TAMS 0x000000009ab00000, 0x000000009ab00000| Untracked 
| 428|0x000000009ac00000, 0x000000009ac00000, 0x000000009ad00000|  0%| F|  |TAMS 0x000000009ac00000, 0x000000009ac00000| Untracked 
| 429|0x000000009ad00000, 0x000000009ad00000, 0x000000009ae00000|  0%| F|  |TAMS 0x000000009ad00000, 0x000000009ad00000| Untracked 
| 430|0x000000009ae00000, 0x000000009ae00000, 0x000000009af00000|  0%| F|  |TAMS 0x000000009ae00000, 0x000000009ae00000| Untracked 
| 431|0x000000009af00000, 0x000000009af00000, 0x000000009b000000|  0%| F|  |TAMS 0x000000009af00000, 0x000000009af00000| Untracked 
| 432|0x000000009b000000, 0x000000009b000000, 0x000000009b100000|  0%| F|  |TAMS 0x000000009b000000, 0x000000009b000000| Untracked 
| 433|0x000000009b100000, 0x000000009b100000, 0x000000009b200000|  0%| F|  |TAMS 0x000000009b100000, 0x000000009b100000| Untracked 
| 434|0x000000009b200000, 0x000000009b200000, 0x000000009b300000|  0%| F|  |TAMS 0x000000009b200000, 0x000000009b200000| Untracked 
| 435|0x000000009b300000, 0x000000009b300000, 0x000000009b400000|  0%| F|  |TAMS 0x000000009b300000, 0x000000009b300000| Untracked 
| 436|0x000000009b400000, 0x000000009b400000, 0x000000009b500000|  0%| F|  |TAMS 0x000000009b400000, 0x000000009b400000| Untracked 
| 437|0x000000009b500000, 0x000000009b500000, 0x000000009b600000|  0%| F|  |TAMS 0x000000009b500000, 0x000000009b500000| Untracked 
| 438|0x000000009b600000, 0x000000009b600000, 0x000000009b700000|  0%| F|  |TAMS 0x000000009b600000, 0x000000009b600000| Untracked 
| 439|0x000000009b700000, 0x000000009b800000, 0x000000009b800000|100%| S|CS|TAMS 0x000000009b700000, 0x000000009b700000| Complete 
| 440|0x000000009b800000, 0x000000009b900000, 0x000000009b900000|100%| S|CS|TAMS 0x000000009b800000, 0x000000009b800000| Complete 
| 441|0x000000009b900000, 0x000000009ba00000, 0x000000009ba00000|100%| S|CS|TAMS 0x000000009b900000, 0x000000009b900000| Complete 
| 442|0x000000009ba00000, 0x000000009ba00000, 0x000000009bb00000|  0%| F|  |TAMS 0x000000009ba00000, 0x000000009ba00000| Untracked 
| 443|0x000000009bb00000, 0x000000009bb00000, 0x000000009bc00000|  0%| F|  |TAMS 0x000000009bb00000, 0x000000009bb00000| Untracked 
| 444|0x000000009bc00000, 0x000000009bc00000, 0x000000009bd00000|  0%| F|  |TAMS 0x000000009bc00000, 0x000000009bc00000| Untracked 
| 445|0x000000009bd00000, 0x000000009bd00000, 0x000000009be00000|  0%| F|  |TAMS 0x000000009bd00000, 0x000000009bd00000| Untracked 
| 446|0x000000009be00000, 0x000000009be00000, 0x000000009bf00000|  0%| F|  |TAMS 0x000000009be00000, 0x000000009be00000| Untracked 
| 447|0x000000009bf00000, 0x000000009bf00000, 0x000000009c000000|  0%| F|  |TAMS 0x000000009bf00000, 0x000000009bf00000| Untracked 
| 448|0x000000009c000000, 0x000000009c000000, 0x000000009c100000|  0%| F|  |TAMS 0x000000009c000000, 0x000000009c000000| Untracked 
| 449|0x000000009c100000, 0x000000009c100000, 0x000000009c200000|  0%| F|  |TAMS 0x000000009c100000, 0x000000009c100000| Untracked 
| 450|0x000000009c200000, 0x000000009c200000, 0x000000009c300000|  0%| F|  |TAMS 0x000000009c200000, 0x000000009c200000| Untracked 
| 451|0x000000009c300000, 0x000000009c300000, 0x000000009c400000|  0%| F|  |TAMS 0x000000009c300000, 0x000000009c300000| Untracked 
| 452|0x000000009c400000, 0x000000009c400000, 0x000000009c500000|  0%| F|  |TAMS 0x000000009c400000, 0x000000009c400000| Untracked 
| 453|0x000000009c500000, 0x000000009c500000, 0x000000009c600000|  0%| F|  |TAMS 0x000000009c500000, 0x000000009c500000| Untracked 
| 454|0x000000009c600000, 0x000000009c600000, 0x000000009c700000|  0%| F|  |TAMS 0x000000009c600000, 0x000000009c600000| Untracked 
| 455|0x000000009c700000, 0x000000009c700000, 0x000000009c800000|  0%| F|  |TAMS 0x000000009c700000, 0x000000009c700000| Untracked 
| 456|0x000000009c800000, 0x000000009c800000, 0x000000009c900000|  0%| F|  |TAMS 0x000000009c800000, 0x000000009c800000| Untracked 
| 457|0x000000009c900000, 0x000000009c900000, 0x000000009ca00000|  0%| F|  |TAMS 0x000000009c900000, 0x000000009c900000| Untracked 
| 458|0x000000009ca00000, 0x000000009ca00000, 0x000000009cb00000|  0%| F|  |TAMS 0x000000009ca00000, 0x000000009ca00000| Untracked 
| 459|0x000000009cb00000, 0x000000009cb00000, 0x000000009cc00000|  0%| F|  |TAMS 0x000000009cb00000, 0x000000009cb00000| Untracked 
| 460|0x000000009cc00000, 0x000000009ccfc280, 0x000000009cd00000| 98%| E|  |TAMS 0x000000009cc00000, 0x000000009cc00000| Complete 
| 461|0x000000009cd00000, 0x000000009ce00000, 0x000000009ce00000|100%| E|CS|TAMS 0x000000009cd00000, 0x000000009cd00000| Complete 
| 462|0x000000009ce00000, 0x000000009cf00000, 0x000000009cf00000|100%| E|CS|TAMS 0x000000009ce00000, 0x000000009ce00000| Complete 
| 463|0x000000009cf00000, 0x000000009d000000, 0x000000009d000000|100%| E|CS|TAMS 0x000000009cf00000, 0x000000009cf00000| Complete 
| 464|0x000000009d000000, 0x000000009d100000, 0x000000009d100000|100%| E|  |TAMS 0x000000009d000000, 0x000000009d000000| Complete 

Card table byte_map: [0x0000015f24e50000,0x0000015f25250000] _byte_map_base: 0x0000015f24a50000

Marking Bits (Prev, Next): (CMBitMap*) 0x0000015f0e20b3d0, (CMBitMap*) 0x0000015f0e20b410
 Prev Bits: [0x0000015f25650000, 0x0000015f27650000)
 Next Bits: [0x0000015f27650000, 0x0000015f29650000)

Polling page: 0x0000015f0c110000

Metaspace:

Usage:
  Non-class:    117.99 MB used.
      Class:     18.45 MB used.
       Both:    136.44 MB used.

Virtual space:
  Non-class space:      128.00 MB reserved,     119.69 MB ( 94%) committed,  2 nodes.
      Class space:      416.00 MB reserved,      19.62 MB (  5%) committed,  1 nodes.
             Both:      544.00 MB reserved,     139.31 MB ( 26%) committed. 

Chunk freelists:
   Non-Class:  7.93 MB
       Class:  12.53 MB
        Both:  20.46 MB

MaxMetaspaceSize: 512.00 MB
CompressedClassSpaceSize: 416.00 MB
Initial GC threshold: 21.00 MB
Current GC threshold: 175.94 MB
CDS: on
MetaspaceReclaimPolicy: balanced
 - commit_granule_bytes: 65536.
 - commit_granule_words: 8192.
 - virtual_space_node_default_size: 8388608.
 - enlarge_chunks_in_place: 1.
 - new_chunks_are_fully_committed: 0.
 - uncommit_free_chunks: 1.
 - use_allocation_guard: 0.
 - handle_deallocations: 1.


Internal statistics:

num_allocs_failed_limit: 9.
num_arena_births: 3074.
num_arena_deaths: 8.
num_vsnodes_births: 3.
num_vsnodes_deaths: 0.
num_space_committed: 2244.
num_space_uncommitted: 16.
num_chunks_returned_to_freelist: 100.
num_chunks_taken_from_freelist: 9941.
num_chunk_merges: 35.
num_chunk_splits: 6097.
num_chunks_enlarged: 3432.
num_inconsistent_stats: 0.

CodeHeap 'non-profiled nmethods': size=120000Kb used=17573Kb max_used=17573Kb free=102427Kb
 bounds [0x0000015f1d520000, 0x0000015f1e650000, 0x0000015f24a50000]
CodeHeap 'profiled nmethods': size=120000Kb used=42284Kb max_used=42756Kb free=77715Kb
 bounds [0x0000015f15a50000, 0x0000015f18420000, 0x0000015f1cf80000]
CodeHeap 'non-nmethods': size=5760Kb used=2488Kb max_used=2609Kb free=3271Kb
 bounds [0x0000015f1cf80000, 0x0000015f1d230000, 0x0000015f1d520000]
 total_blobs=22038 nmethods=21002 adapters=947
 compilation: enabled
              stopped_count=0, restarted_count=0
 full_count=0

Compilation events (20 events):
Event: 140.548 Thread 0x0000015f2bb43620 nmethod 26060 0x0000015f17bbd610 code [0x0000015f17bbd7e0, 0x0000015f17bbdb48]
Event: 140.549 Thread 0x0000015f2bb43620 26061       3       com.android.tools.r8.internal.qC::a (7 bytes)
Event: 140.549 Thread 0x0000015f2bb43620 nmethod 26061 0x0000015f17e69010 code [0x0000015f17e691a0, 0x0000015f17e692d8]
Event: 140.555 Thread 0x0000015f2bb36c40 26062       4       org.gradle.cache.internal.btree.FreeListBlockStore::attach (22 bytes)
Event: 140.557 Thread 0x0000015f2bb43620 26063       3       com.android.tools.r8.internal.fv::c (123 bytes)
Event: 140.557 Thread 0x0000015f2bb43620 nmethod 26063 0x0000015f17bbc410 code [0x0000015f17bbc680, 0x0000015f17bbd1a8]
Event: 140.579 Thread 0x0000015f5956b990 nmethod 26053 0x0000015f1e2bae10 code [0x0000015f1e2bb020, 0x0000015f1e2bc530]
Event: 140.591 Thread 0x0000015f5956b990 26064       4       org.gradle.cache.internal.btree.FreeListBlockStore::write (16 bytes)
Event: 140.644 Thread 0x0000015f2bb43620 26066       3       com.android.tools.r8.internal.Zu::b (57 bytes)
Event: 140.645 Thread 0x0000015f2bb43620 nmethod 26066 0x0000015f17e4b010 code [0x0000015f17e4b220, 0x0000015f17e4b8b8]
Event: 140.674 Thread 0x0000015f2bb43620 26068       3       java.lang.Integer::stringSize (47 bytes)
Event: 140.674 Thread 0x0000015f2bb43620 nmethod 26068 0x0000015f17de0f90 code [0x0000015f17de1140, 0x0000015f17de1398]
Event: 140.674 Thread 0x0000015f2bb43620 26069       3       com.android.tools.r8.graph.I2::c (24 bytes)
Event: 140.675 Thread 0x0000015f2bb43620 nmethod 26069 0x0000015f17bbbc10 code [0x0000015f17bbbde0, 0x0000015f17bbc288]
Event: 140.675 Thread 0x0000015f2bb43620 26070       3       java.util.Arrays::equals (43 bytes)
Event: 140.675 Thread 0x0000015f2bb43620 nmethod 26070 0x0000015f17e4aa90 code [0x0000015f17e4ac60, 0x0000015f17e4af48]
Event: 140.776 Thread 0x0000015f2bb43620 26071       2       org.gradle.cache.internal.btree.FreeListBlockStore$FreeListBlock::alloc (240 bytes)
Event: 140.786 Thread 0x0000015f2bb43620 nmethod 26071 0x0000015f17e49b10 code [0x0000015f17e49da0, 0x0000015f17e4a5e8]
Event: 140.948 Thread 0x0000015f2bb43620 26072   !   3       java.util.concurrent.LinkedBlockingDeque::offerLast (53 bytes)
Event: 140.949 Thread 0x0000015f2bb43620 nmethod 26072 0x0000015f17e48890 code [0x0000015f17e48b00, 0x0000015f17e496d8]

GC Heap History (20 events):
Event: 136.544 GC heap before
{Heap before GC invocations=92 (full 0):
 garbage-first heap   total 476160K, used 424157K [0x0000000080000000, 0x0000000100000000)
  region size 1024K, 23 young (23552K), 3 survivors (3072K)
 Metaspace       used 138828K, committed 140992K, reserved 557056K
  class space    used 18709K, committed 19712K, reserved 425984K
}
Event: 136.556 GC heap after
{Heap after GC invocations=93 (full 0):
 garbage-first heap   total 476160K, used 406272K [0x0000000080000000, 0x0000000100000000)
  region size 1024K, 3 young (3072K), 3 survivors (3072K)
 Metaspace       used 138828K, committed 140992K, reserved 557056K
  class space    used 18709K, committed 19712K, reserved 425984K
}
Event: 136.868 GC heap before
{Heap before GC invocations=93 (full 0):
 garbage-first heap   total 476160K, used 425728K [0x0000000080000000, 0x0000000100000000)
  region size 1024K, 23 young (23552K), 3 survivors (3072K)
 Metaspace       used 138861K, committed 141056K, reserved 557056K
  class space    used 18716K, committed 19712K, reserved 425984K
}
Event: 136.880 GC heap after
{Heap after GC invocations=94 (full 0):
 garbage-first heap   total 476160K, used 408942K [0x0000000080000000, 0x0000000100000000)
  region size 1024K, 3 young (3072K), 3 survivors (3072K)
 Metaspace       used 138861K, committed 141056K, reserved 557056K
  class space    used 18716K, committed 19712K, reserved 425984K
}
Event: 137.326 GC heap before
{Heap before GC invocations=94 (full 0):
 garbage-first heap   total 476160K, used 428398K [0x0000000080000000, 0x0000000100000000)
  region size 1024K, 23 young (23552K), 3 survivors (3072K)
 Metaspace       used 138950K, committed 141184K, reserved 557056K
  class space    used 18730K, committed 19776K, reserved 425984K
}
Event: 137.333 GC heap after
{Heap after GC invocations=95 (full 0):
 garbage-first heap   total 476160K, used 410414K [0x0000000080000000, 0x0000000100000000)
  region size 1024K, 2 young (2048K), 2 survivors (2048K)
 Metaspace       used 138950K, committed 141184K, reserved 557056K
  class space    used 18730K, committed 19776K, reserved 425984K
}
Event: 138.286 GC heap before
{Heap before GC invocations=95 (full 0):
 garbage-first heap   total 476160K, used 430894K [0x0000000080000000, 0x0000000100000000)
  region size 1024K, 23 young (23552K), 2 survivors (2048K)
 Metaspace       used 139117K, committed 141376K, reserved 557056K
  class space    used 18744K, committed 19776K, reserved 425984K
}
Event: 138.293 GC heap after
{Heap after GC invocations=96 (full 0):
 garbage-first heap   total 476160K, used 412790K [0x0000000080000000, 0x0000000100000000)
  region size 1024K, 3 young (3072K), 3 survivors (3072K)
 Metaspace       used 139117K, committed 141376K, reserved 557056K
  class space    used 18744K, committed 19776K, reserved 425984K
}
Event: 138.518 GC heap before
{Heap before GC invocations=96 (full 0):
 garbage-first heap   total 476160K, used 432246K [0x0000000080000000, 0x0000000100000000)
  region size 1024K, 23 young (23552K), 3 survivors (3072K)
 Metaspace       used 139117K, committed 141376K, reserved 557056K
  class space    used 18744K, committed 19776K, reserved 425984K
}
Event: 138.526 GC heap after
{Heap after GC invocations=97 (full 0):
 garbage-first heap   total 476160K, used 414620K [0x0000000080000000, 0x0000000100000000)
  region size 1024K, 2 young (2048K), 2 survivors (2048K)
 Metaspace       used 139117K, committed 141376K, reserved 557056K
  class space    used 18744K, committed 19776K, reserved 425984K
}
Event: 139.023 GC heap before
{Heap before GC invocations=97 (full 0):
 garbage-first heap   total 476160K, used 435100K [0x0000000080000000, 0x0000000100000000)
  region size 1024K, 23 young (23552K), 2 survivors (2048K)
 Metaspace       used 139152K, committed 141376K, reserved 557056K
  class space    used 18754K, committed 19776K, reserved 425984K
}
Event: 139.029 GC heap after
{Heap after GC invocations=98 (full 0):
 garbage-first heap   total 476160K, used 416956K [0x0000000080000000, 0x0000000100000000)
  region size 1024K, 3 young (3072K), 3 survivors (3072K)
 Metaspace       used 139152K, committed 141376K, reserved 557056K
  class space    used 18754K, committed 19776K, reserved 425984K
}
Event: 139.331 GC heap before
{Heap before GC invocations=98 (full 0):
 garbage-first heap   total 476160K, used 436412K [0x0000000080000000, 0x0000000100000000)
  region size 1024K, 23 young (23552K), 3 survivors (3072K)
 Metaspace       used 139215K, committed 141440K, reserved 557056K
  class space    used 18761K, committed 19776K, reserved 425984K
}
Event: 139.340 GC heap after
{Heap after GC invocations=99 (full 0):
 garbage-first heap   total 476160K, used 418238K [0x0000000080000000, 0x0000000100000000)
  region size 1024K, 2 young (2048K), 2 survivors (2048K)
 Metaspace       used 139215K, committed 141440K, reserved 557056K
  class space    used 18761K, committed 19776K, reserved 425984K
}
Event: 139.895 GC heap before
{Heap before GC invocations=99 (full 0):
 garbage-first heap   total 476160K, used 438718K [0x0000000080000000, 0x0000000100000000)
  region size 1024K, 23 young (23552K), 2 survivors (2048K)
 Metaspace       used 139815K, committed 142080K, reserved 557056K
  class space    used 18846K, committed 19904K, reserved 425984K
}
Event: 139.903 GC heap after
{Heap after GC invocations=100 (full 0):
 garbage-first heap   total 476160K, used 420329K [0x0000000080000000, 0x0000000100000000)
  region size 1024K, 3 young (3072K), 3 survivors (3072K)
 Metaspace       used 139815K, committed 142080K, reserved 557056K
  class space    used 18846K, committed 19904K, reserved 425984K
}
Event: 140.336 GC heap before
{Heap before GC invocations=100 (full 0):
 garbage-first heap   total 476160K, used 439785K [0x0000000080000000, 0x0000000100000000)
  region size 1024K, 23 young (23552K), 3 survivors (3072K)
 Metaspace       used 140513K, committed 142784K, reserved 557056K
  class space    used 18941K, committed 19968K, reserved 425984K
}
Event: 140.343 GC heap after
{Heap after GC invocations=101 (full 0):
 garbage-first heap   total 476160K, used 421776K [0x0000000080000000, 0x0000000100000000)
  region size 1024K, 2 young (2048K), 2 survivors (2048K)
 Metaspace       used 140513K, committed 142784K, reserved 557056K
  class space    used 18941K, committed 19968K, reserved 425984K
}
Event: 140.796 GC heap before
{Heap before GC invocations=101 (full 0):
 garbage-first heap   total 476160K, used 442256K [0x0000000080000000, 0x0000000100000000)
  region size 1024K, 23 young (23552K), 2 survivors (2048K)
 Metaspace       used 141181K, committed 143488K, reserved 557056K
  class space    used 19037K, committed 20096K, reserved 425984K
}
Event: 140.805 GC heap after
{Heap after GC invocations=102 (full 0):
 garbage-first heap   total 476160K, used 424343K [0x0000000080000000, 0x0000000100000000)
  region size 1024K, 3 young (3072K), 3 survivors (3072K)
 Metaspace       used 141181K, committed 143488K, reserved 557056K
  class space    used 19037K, committed 20096K, reserved 425984K
}

Deoptimization events (20 events):
Event: 140.376 Thread 0x0000015f4e8c7920 Uncommon trap: trap_request=0xffffffc6 fr.pc=0x0000015f1e035cdc relative=0x00000000000009bc
Event: 140.376 Thread 0x0000015f4e8c7920 Uncommon trap: reason=bimorphic_or_optimized_type_check action=maybe_recompile pc=0x0000015f1e035cdc method=java.util.Map.computeIfAbsent(Ljava/lang/Object;Ljava/util/function/Function;)Ljava/lang/Object; @ 7 c2
Event: 140.376 Thread 0x0000015f4e8c3c60 Uncommon trap: trap_request=0xffffffc6 fr.pc=0x0000015f1e035cdc relative=0x00000000000009bc
Event: 140.376 Thread 0x0000015f4e8c3c60 Uncommon trap: reason=bimorphic_or_optimized_type_check action=maybe_recompile pc=0x0000015f1e035cdc method=java.util.Map.computeIfAbsent(Ljava/lang/Object;Ljava/util/function/Function;)Ljava/lang/Object; @ 7 c2
Event: 140.376 Thread 0x0000015f4e8c7920 DEOPT PACKING pc=0x0000015f1e035cdc sp=0x000000579affaa30
Event: 140.376 Thread 0x0000015f4e8c7920 DEOPT UNPACKING pc=0x0000015f1cfd23a3 sp=0x000000579affaa28 mode 2
Event: 140.376 Thread 0x0000015f4e8c3c60 DEOPT PACKING pc=0x0000015f1e035cdc sp=0x000000579a7f9b20
Event: 140.376 Thread 0x0000015f4e8c3c60 DEOPT UNPACKING pc=0x0000015f1cfd23a3 sp=0x000000579a7f9b18 mode 2
Event: 140.525 Thread 0x0000015f4e8c7920 Uncommon trap: trap_request=0xffffff45 fr.pc=0x0000015f1d87fa9c relative=0x000000000000015c
Event: 140.525 Thread 0x0000015f4e8c7920 Uncommon trap: reason=unstable_if action=reinterpret pc=0x0000015f1d87fa9c method=com.google.common.collect.MapMakerInternalMap$Segment.getEntry(Ljava/lang/Object;I)Lcom/google/common/collect/MapMakerInternalMap$InternalEntry; @ 63 c2
Event: 140.525 Thread 0x0000015f4e8c7920 DEOPT PACKING pc=0x0000015f1d87fa9c sp=0x000000579aff67c0
Event: 140.525 Thread 0x0000015f4e8c7920 DEOPT UNPACKING pc=0x0000015f1cfd23a3 sp=0x000000579aff6768 mode 2
Event: 140.526 Thread 0x0000015f4e8c3c60 Uncommon trap: trap_request=0xffffff45 fr.pc=0x0000015f1e32c29c relative=0x000000000000017c
Event: 140.526 Thread 0x0000015f4e8c7920 Uncommon trap: trap_request=0xffffff45 fr.pc=0x0000015f1e32c29c relative=0x000000000000017c
Event: 140.526 Thread 0x0000015f4e8c3c60 Uncommon trap: reason=unstable_if action=reinterpret pc=0x0000015f1e32c29c method=jdk.internal.util.ArraysSupport.mismatch([B[BI)I @ 60 c2
Event: 140.526 Thread 0x0000015f4e8c7920 Uncommon trap: reason=unstable_if action=reinterpret pc=0x0000015f1e32c29c method=jdk.internal.util.ArraysSupport.mismatch([B[BI)I @ 60 c2
Event: 140.526 Thread 0x0000015f4e8c3c60 DEOPT PACKING pc=0x0000015f1e32c29c sp=0x000000579a7f9820
Event: 140.526 Thread 0x0000015f4e8c7920 DEOPT PACKING pc=0x0000015f1e32c29c sp=0x000000579affa730
Event: 140.526 Thread 0x0000015f4e8c3c60 DEOPT UNPACKING pc=0x0000015f1cfd23a3 sp=0x000000579a7f9768 mode 2
Event: 140.526 Thread 0x0000015f4e8c7920 DEOPT UNPACKING pc=0x0000015f1cfd23a3 sp=0x000000579affa678 mode 2

Classes unloaded (20 events):
Event: 140.999 Thread 0x0000015f2bb11c60 Unloading class 0x0000015f2e2a3800 'jdk/internal/jimage/ImageHeader'
Event: 140.999 Thread 0x0000015f2bb11c60 Unloading class 0x0000015f2e2a2dc8 'jdk/internal/jimage/BasicImageReader$2'
Event: 140.999 Thread 0x0000015f2bb11c60 Unloading class 0x0000015f2e2a2b98 'jdk/internal/jimage/BasicImageReader$1'
Event: 140.999 Thread 0x0000015f2bb11c60 Unloading class 0x0000015f2e2a2930 'jdk/internal/jimage/ImageReader$Resource'
Event: 140.999 Thread 0x0000015f2bb11c60 Unloading class 0x0000015f2e2a26c8 'jdk/internal/jimage/ImageReader$LinkNode'
Event: 140.999 Thread 0x0000015f2bb11c60 Unloading class 0x0000015f2e2a2460 'jdk/internal/jimage/ImageReader$Directory'
Event: 140.999 Thread 0x0000015f2bb11c60 Unloading class 0x0000015f2e2a21f8 'jdk/internal/jimage/ImageReader$Node'
Event: 140.999 Thread 0x0000015f2bb11c60 Unloading class 0x0000015f2e2a2000 'jdk/internal/jimage/ImageStrings'
Event: 140.999 Thread 0x0000015f2bb11c60 Unloading class 0x0000015f2e2a1b50 'jdk/internal/jimage/ImageReader$SharedImageReader'
Event: 140.999 Thread 0x0000015f2bb11c60 Unloading class 0x0000015f2e2a1890 'jdk/internal/jimage/BasicImageReader'
Event: 140.999 Thread 0x0000015f2bb11c60 Unloading class 0x0000015f2e2a1670 'jdk/internal/jimage/ImageReader'
Event: 140.999 Thread 0x0000015f2bb11c60 Unloading class 0x0000015f2e2a1448 'jdk/internal/jrtfs/SystemImage$2'
Event: 140.999 Thread 0x0000015f2bb11c60 Unloading class 0x0000015f2e2a1230 'jdk/internal/jrtfs/SystemImage$$Lambda$2696+0x0000015f2e2a1230'
Event: 140.999 Thread 0x0000015f2bb11c60 Unloading class 0x0000015f2e2a1000 'jdk/internal/jrtfs/ExplodedImage'
Event: 140.999 Thread 0x0000015f2bb11c60 Unloading class 0x0000015f2e2a0dc8 'jdk/internal/jrtfs/SystemImage$1'
Event: 140.999 Thread 0x0000015f2bb11c60 Unloading class 0x0000015f2e2a0bb0 'jdk/internal/jrtfs/SystemImage'
Event: 140.999 Thread 0x0000015f2bb11c60 Unloading class 0x0000015f2e2a0950 'jdk/internal/jrtfs/JrtFileStore'
Event: 140.999 Thread 0x0000015f2bb11c60 Unloading class 0x0000015f2e2a05d8 'jdk/internal/jrtfs/JrtPath'
Event: 140.999 Thread 0x0000015f2bb11c60 Unloading class 0x0000015f2e2a02e0 'jdk/internal/jrtfs/JrtFileSystem'
Event: 140.999 Thread 0x0000015f2bb11c60 Unloading class 0x0000015f2e2a0000 'jdk/internal/jrtfs/JrtFileSystemProvider'

Classes redefined (0 events):
No events

Internal exceptions (20 events):
Event: 139.275 Thread 0x0000015f4e8c7920 Exception <a 'sun/nio/fs/WindowsException'{0x000000009bf200f8}> (0x000000009bf200f8) 
thrown [s\open\src\hotspot\share\prims\jni.cpp, line 516]
Event: 139.278 Thread 0x0000015f55051470 Exception <a 'sun/nio/fs/WindowsException'{0x000000009bf6f3e8}> (0x000000009bf6f3e8) 
thrown [s\open\src\hotspot\share\prims\jni.cpp, line 516]
Event: 139.278 Thread 0x0000015f55051470 Exception <a 'sun/nio/fs/WindowsException'{0x000000009bf6f668}> (0x000000009bf6f668) 
thrown [s\open\src\hotspot\share\prims\jni.cpp, line 516]
Event: 139.278 Thread 0x0000015f55051470 Exception <a 'sun/nio/fs/WindowsException'{0x000000009bf6f728}> (0x000000009bf6f728) 
thrown [s\open\src\hotspot\share\prims\jni.cpp, line 516]
Event: 139.278 Thread 0x0000015f55051470 Exception <a 'sun/nio/fs/WindowsException'{0x000000009bf6f9c8}> (0x000000009bf6f9c8) 
thrown [s\open\src\hotspot\share\prims\jni.cpp, line 516]
Event: 139.387 Thread 0x0000015f4e8c7410 Exception <a 'sun/nio/fs/WindowsException'{0x000000009ce6eda0}> (0x000000009ce6eda0) 
thrown [s\open\src\hotspot\share\prims\jni.cpp, line 516]
Event: 139.390 Thread 0x0000015f4e8c7410 Exception <a 'sun/nio/fs/WindowsException'{0x000000009ce97ea0}> (0x000000009ce97ea0) 
thrown [s\open\src\hotspot\share\prims\jni.cpp, line 516]
Event: 139.395 Thread 0x0000015f4e8c7410 Exception <a 'sun/nio/fs/WindowsException'{0x000000009ceb4760}> (0x000000009ceb4760) 
thrown [s\open\src\hotspot\share\prims\jni.cpp, line 516]
Event: 139.398 Thread 0x0000015f4e8c7410 Exception <a 'sun/nio/fs/WindowsException'{0x000000009ceccdd8}> (0x000000009ceccdd8) 
thrown [s\open\src\hotspot\share\prims\jni.cpp, line 516]
Event: 139.486 Thread 0x0000015f4e8c7410 Exception <a 'sun/nio/fs/WindowsException'{0x000000009cb350b8}> (0x000000009cb350b8) 
thrown [s\open\src\hotspot\share\prims\jni.cpp, line 516]
Event: 139.535 Thread 0x0000015f4e8c7410 Exception <a 'sun/nio/fs/WindowsException'{0x000000009cbb6b90}> (0x000000009cbb6b90) 
thrown [s\open\src\hotspot\share\prims\jni.cpp, line 516]
Event: 139.553 Thread 0x0000015f4e8c7410 Exception <a 'sun/nio/fs/WindowsException'{0x000000009ca70938}> (0x000000009ca70938) 
thrown [s\open\src\hotspot\share\prims\jni.cpp, line 516]
Event: 139.556 Thread 0x0000015f4e8c7410 Exception <a 'sun/nio/fs/WindowsException'{0x000000009ca88598}> (0x000000009ca88598) 
thrown [s\open\src\hotspot\share\prims\jni.cpp, line 516]
Event: 139.558 Thread 0x0000015f4e8c7410 Exception <a 'sun/nio/fs/WindowsException'{0x000000009caa0738}> (0x000000009caa0738) 
thrown [s\open\src\hotspot\share\prims\jni.cpp, line 516]
Event: 139.561 Thread 0x0000015f4e8c7410 Exception <a 'sun/nio/fs/WindowsException'{0x000000009cab89d8}> (0x000000009cab89d8) 
thrown [s\open\src\hotspot\share\prims\jni.cpp, line 516]
Event: 139.626 Thread 0x0000015f4e8c7410 Exception <a 'sun/nio/fs/WindowsException'{0x000000009c8595e8}> (0x000000009c8595e8) 
thrown [s\open\src\hotspot\share\prims\jni.cpp, line 516]
Event: 139.641 Thread 0x0000015f4e8c7410 Exception <a 'sun/nio/fs/WindowsException'{0x000000009c8eaa20}> (0x000000009c8eaa20) 
thrown [s\open\src\hotspot\share\prims\jni.cpp, line 516]
Event: 139.943 Thread 0x0000015f4e8c3c60 Exception <a 'sun/nio/fs/WindowsException'{0x000000009ce1d978}> (0x000000009ce1d978) 
thrown [s\open\src\hotspot\share\prims\jni.cpp, line 516]
Event: 139.944 Thread 0x0000015f4e8c8d60 Exception <a 'sun/nio/fs/WindowsException'{0x000000009cfd3218}> (0x000000009cfd3218) 
thrown [s\open\src\hotspot\share\prims\jni.cpp, line 516]
Event: 139.945 Thread 0x0000015f4e8c7920 Exception <a 'sun/nio/fs/WindowsException'{0x000000009cfc5140}> (0x000000009cfc5140) 
thrown [s\open\src\hotspot\share\prims\jni.cpp, line 516]

VM Operations (20 events):
Event: 138.294 Executing VM operation: G1CollectForAllocation done
Event: 138.497 Executing VM operation: G1CollectForAllocation
Event: 138.527 Executing VM operation: G1CollectForAllocation done
Event: 139.023 Executing VM operation: G1CollectForAllocation
Event: 139.029 Executing VM operation: G1CollectForAllocation done
Event: 139.331 Executing VM operation: G1CollectForAllocation
Event: 139.342 Executing VM operation: G1CollectForAllocation done
Event: 139.895 Executing VM operation: G1CollectForAllocation
Event: 139.907 Executing VM operation: G1CollectForAllocation done
Event: 140.006 Executing VM operation: HandshakeAllThreads
Event: 140.007 Executing VM operation: HandshakeAllThreads done
Event: 140.335 Executing VM operation: G1CollectForAllocation
Event: 140.343 Executing VM operation: G1CollectForAllocation done
Event: 140.379 Executing VM operation: HandshakeAllThreads
Event: 140.386 Executing VM operation: HandshakeAllThreads done
Event: 140.386 Executing VM operation: HandshakeAllThreads
Event: 140.386 Executing VM operation: HandshakeAllThreads done
Event: 140.796 Executing VM operation: G1CollectForAllocation
Event: 140.805 Executing VM operation: G1CollectForAllocation done
Event: 140.993 Executing VM operation: G1Concurrent

Events (20 events):
Event: 138.566 Thread 0x0000015f59566f30 Thread added: 0x0000015f59566f30
Event: 139.103 Thread 0x0000015f59566f30 Thread exited: 0x0000015f59566f30
Event: 139.347 Thread 0x0000015f5956b990 Thread added: 0x0000015f5956b990
Event: 139.433 loading class sun/nio/fs/Globs
Event: 139.437 loading class sun/nio/fs/Globs done
Event: 139.437 loading class java/util/regex/Pattern$SliceU
Event: 139.437 loading class java/util/regex/Pattern$SliceU done
Event: 139.438 loading class sun/nio/fs/WindowsFileSystem$2
Event: 139.438 loading class sun/nio/fs/WindowsFileSystem$2 done
Event: 140.135 Thread 0x0000015f4e8cb0d0 Thread exited: 0x0000015f4e8cb0d0
Event: 140.403 Thread 0x0000015f2bb6eb30 flushing nmethod 0x0000015f1616ab90
Event: 140.403 Thread 0x0000015f2bb6eb30 flushing nmethod 0x0000015f16179a90
Event: 140.404 Thread 0x0000015f2bb6eb30 flushing nmethod 0x0000015f161b6090
Event: 140.426 Thread 0x0000015f2bb6eb30 flushing nmethod 0x0000015f17c0f910
Event: 140.426 Thread 0x0000015f2bb6eb30 flushing nmethod 0x0000015f17c17590
Event: 140.427 Thread 0x0000015f2bb6eb30 flushing nmethod 0x0000015f17c85e10
Event: 140.428 Thread 0x0000015f2bb6eb30 flushing nmethod 0x0000015f17dded10
Event: 140.428 Thread 0x0000015f2bb6eb30 flushing nmethod 0x0000015f17e69010
Event: 140.694 loading class java/util/concurrent/RejectedExecutionException
Event: 140.694 loading class java/util/concurrent/RejectedExecutionException done


Dynamic libraries:
0x00007ff7a68b0000 - 0x00007ff7a68c0000 	C:\Program Files\Java\jdk-17\bin\java.exe
0x00007ffd679b0000 - 0x00007ffd67ba8000 	C:\Windows\SYSTEM32\ntdll.dll
0x00007ffd66a30000 - 0x00007ffd66af2000 	C:\Windows\System32\KERNEL32.DLL
0x00007ffd65050000 - 0x00007ffd6534e000 	C:\Windows\System32\KERNELBASE.dll
0x00007ffd65790000 - 0x00007ffd65890000 	C:\Windows\System32\ucrtbase.dll
0x00007ffd5f560000 - 0x00007ffd5f57b000 	C:\Program Files\Java\jdk-17\bin\VCRUNTIME140.dll
0x00007ffd5fe80000 - 0x00007ffd5fe99000 	C:\Program Files\Java\jdk-17\bin\jli.dll
0x00007ffd66b70000 - 0x00007ffd66c21000 	C:\Windows\System32\ADVAPI32.dll
0x00007ffd67250000 - 0x00007ffd672ee000 	C:\Windows\System32\msvcrt.dll
0x00007ffd66860000 - 0x00007ffd668ff000 	C:\Windows\System32\sechost.dll
0x00007ffd65b50000 - 0x00007ffd65c73000 	C:\Windows\System32\RPCRT4.dll
0x00007ffd653d0000 - 0x00007ffd653f7000 	C:\Windows\System32\bcrypt.dll
0x00007ffd66f40000 - 0x00007ffd670dd000 	C:\Windows\System32\USER32.dll
0x00007ffd653a0000 - 0x00007ffd653c2000 	C:\Windows\System32\win32u.dll
0x00007ffd65c80000 - 0x00007ffd65cab000 	C:\Windows\System32\GDI32.dll
0x00007ffd65600000 - 0x00007ffd65717000 	C:\Windows\System32\gdi32full.dll
0x00007ffd65560000 - 0x00007ffd655fd000 	C:\Windows\System32\msvcp_win.dll
0x00007ffd50050000 - 0x00007ffd502ea000 	C:\Windows\WinSxS\amd64_microsoft.windows.common-controls_6595b64144ccf1df_6.0.19041.4355_none_60b8b9eb71f62e16\COMCTL32.dll
0x00007ffd64bd0000 - 0x00007ffd64bda000 	C:\Windows\SYSTEM32\VERSION.dll
0x00007ffd67190000 - 0x00007ffd671bf000 	C:\Windows\System32\IMM32.DLL
0x00000000773b0000 - 0x00000000773bc000 	C:\Program Files (x86)\360\Total Security\safemon\SafeWrapper.dll
0x00007ffd2d180000 - 0x00007ffd2d22c000 	C:\Program Files (x86)\360\Total Security\safemon\libzdtp64.dll
0x00007ffd660f0000 - 0x00007ffd6685d000 	C:\Windows\System32\SHELL32.dll
0x00007ffd66090000 - 0x00007ffd660e5000 	C:\Windows\System32\SHLWAPI.dll
0x00007ffd5fd80000 - 0x00007ffd5fd8c000 	C:\Program Files\Java\jdk-17\bin\vcruntime140_1.dll
0x00007ffd4e300000 - 0x00007ffd4e38e000 	C:\Program Files\Java\jdk-17\bin\msvcp140.dll
0x00007ffcec530000 - 0x00007ffced110000 	C:\Program Files\Java\jdk-17\bin\server\jvm.dll
0x00007ffd67170000 - 0x00007ffd67178000 	C:\Windows\System32\PSAPI.DLL
0x00007ffd4dac0000 - 0x00007ffd4dae7000 	C:\Windows\SYSTEM32\WINMM.dll
0x00007ffd55aa0000 - 0x00007ffd55aa9000 	C:\Windows\SYSTEM32\WSOCK32.dll
0x00007ffd670e0000 - 0x00007ffd6714b000 	C:\Windows\System32\WS2_32.dll
0x00007ffd62e20000 - 0x00007ffd62e32000 	C:\Windows\SYSTEM32\kernel.appcore.dll
0x00007ffd55a90000 - 0x00007ffd55a9a000 	C:\Program Files\Java\jdk-17\bin\jimage.dll
0x00007ffd41a00000 - 0x00007ffd41be4000 	C:\Windows\SYSTEM32\DBGHELP.DLL
0x00007ffd41720000 - 0x00007ffd41754000 	C:\Windows\SYSTEM32\dbgcore.DLL
0x00007ffd65890000 - 0x00007ffd65912000 	C:\Windows\System32\bcryptPrimitives.dll
0x00007ffd55a00000 - 0x00007ffd55a0e000 	C:\Program Files\Java\jdk-17\bin\instrument.dll
0x00007ffd3daa0000 - 0x00007ffd3dac5000 	C:\Program Files\Java\jdk-17\bin\java.dll
0x00007ffd311a0000 - 0x00007ffd31277000 	C:\Program Files\Java\jdk-17\bin\jsvml.dll
0x00007ffd63020000 - 0x00007ffd637c4000 	C:\Windows\SYSTEM32\windows.storage.dll
0x00007ffd65d30000 - 0x00007ffd66083000 	C:\Windows\System32\combase.dll
0x00007ffd64930000 - 0x00007ffd6495e000 	C:\Windows\SYSTEM32\Wldp.dll
0x00007ffd66e70000 - 0x00007ffd66f3d000 	C:\Windows\System32\OLEAUT32.dll
0x00007ffd66d10000 - 0x00007ffd66dbd000 	C:\Windows\System32\SHCORE.dll
0x00007ffd64f80000 - 0x00007ffd64fa4000 	C:\Windows\SYSTEM32\profapi.dll
0x00007ffd4e2e0000 - 0x00007ffd4e2f8000 	C:\Program Files\Java\jdk-17\bin\zip.dll
0x00007ffd45030000 - 0x00007ffd45049000 	C:\Program Files\Java\jdk-17\bin\net.dll
0x00007ffd59830000 - 0x00007ffd5993d000 	C:\Windows\SYSTEM32\WINHTTP.dll
0x00007ffd64710000 - 0x00007ffd6477a000 	C:\Windows\system32\mswsock.dll
0x00007ffd38840000 - 0x00007ffd38856000 	C:\Program Files\Java\jdk-17\bin\nio.dll
0x00007ffd4ea40000 - 0x00007ffd4ea50000 	C:\Program Files\Java\jdk-17\bin\verify.dll
0x00007ffd4ea50000 - 0x00007ffd4ea77000 	C:\Users\UsEr\.gradle\native\c067742578af261105cb4f569cf0c3c89f3d7b1fecec35dd04571415982c5e48\windows-amd64\native-platform.dll
0x00007ffd273f0000 - 0x00007ffd27534000 	C:\Users\UsEr\.gradle\native\100fb08df4bc3b14c8652ba06237920a3bd2aa13389f12d3474272988ae205f9\windows-amd64\native-platform-file-events.dll
0x00007ffd481b0000 - 0x00007ffd481ba000 	C:\Program Files\Java\jdk-17\bin\management.dll
0x00007ffd47de0000 - 0x00007ffd47deb000 	C:\Program Files\Java\jdk-17\bin\management_ext.dll
0x00007ffd64970000 - 0x00007ffd64988000 	C:\Windows\SYSTEM32\CRYPTSP.dll
0x00007ffd63fe0000 - 0x00007ffd64014000 	C:\Windows\system32\rsaenh.dll
0x00007ffd64f40000 - 0x00007ffd64f6e000 	C:\Windows\SYSTEM32\USERENV.dll
0x00007ffd648a0000 - 0x00007ffd648ac000 	C:\Windows\SYSTEM32\CRYPTBASE.dll
0x00007ffd643c0000 - 0x00007ffd643fb000 	C:\Windows\SYSTEM32\IPHLPAPI.DLL
0x00007ffd67180000 - 0x00007ffd67188000 	C:\Windows\System32\NSI.dll
0x00007ffd5b0f0000 - 0x00007ffd5b107000 	C:\Windows\SYSTEM32\dhcpcsvc6.DLL
0x00007ffd5b0d0000 - 0x00007ffd5b0ed000 	C:\Windows\SYSTEM32\dhcpcsvc.DLL
0x00007ffd64400000 - 0x00007ffd644ca000 	C:\Windows\SYSTEM32\DNSAPI.dll
0x00007ffd43230000 - 0x00007ffd4323e000 	C:\Program Files\Java\jdk-17\bin\sunmscapi.dll
0x00007ffd65400000 - 0x00007ffd6555c000 	C:\Windows\System32\CRYPT32.dll
0x00007ffd64a80000 - 0x00007ffd64aa7000 	C:\Windows\SYSTEM32\ncrypt.dll
0x00007ffd64a40000 - 0x00007ffd64a7b000 	C:\Windows\SYSTEM32\NTASN1.dll
0x00007ffd48d00000 - 0x00007ffd48d07000 	C:\Windows\system32\wshunix.dll
0x00007ffd4da50000 - 0x00007ffd4da67000 	C:\Windows\system32\napinsp.dll
0x00007ffd498a0000 - 0x00007ffd498bb000 	C:\Windows\system32\pnrpnsp.dll
0x00007ffd5feb0000 - 0x00007ffd5fec5000 	C:\Windows\system32\wshbth.dll
0x00007ffd5fd40000 - 0x00007ffd5fd5d000 	C:\Windows\system32\NLAapi.dll
0x00007ffd48df0000 - 0x00007ffd48e02000 	C:\Windows\System32\winrnr.dll
0x00007ffd5cfa0000 - 0x00007ffd5cfaa000 	C:\Windows\System32\rasadhlp.dll
0x00007ffd58cb0000 - 0x00007ffd58d30000 	C:\Windows\System32\fwpuclnt.dll
0x00007ffd64230000 - 0x00007ffd64263000 	C:\Windows\SYSTEM32\ntmarta.dll

dbghelp: loaded successfully - version: 4.0.5 - missing functions: none
symbol engine: initialized successfully - sym options: 0x614 - pdb path: .;C:\Program Files\Java\jdk-17\bin;C:\Windows\SYSTEM32;C:\Windows\WinSxS\amd64_microsoft.windows.common-controls_6595b64144ccf1df_6.0.19041.4355_none_60b8b9eb71f62e16;C:\Program Files (x86)\360\Total Security\safemon;C:\Program Files\Java\jdk-17\bin\server;C:\Users\UsEr\.gradle\native\c067742578af261105cb4f569cf0c3c89f3d7b1fecec35dd04571415982c5e48\windows-amd64;C:\Users\UsEr\.gradle\native\100fb08df4bc3b14c8652ba06237920a3bd2aa13389f12d3474272988ae205f9\windows-amd64

VM Arguments:
jvm_args: -XX:MaxMetaspaceSize=512m --add-opens=java.base/java.util=ALL-UNNAMED --add-opens=java.base/java.lang=ALL-UNNAMED --add-opens=java.base/java.lang.invoke=ALL-UNNAMED --add-opens=java.prefs/java.util.prefs=ALL-UNNAMED --add-exports=jdk.compiler/com.sun.tools.javac.api=ALL-UNNAMED --add-exports=jdk.compiler/com.sun.tools.javac.util=ALL-UNNAMED --add-opens=java.base/java.nio.charset=ALL-UNNAMED --add-opens=java.base/java.net=ALL-UNNAMED --add-opens=java.base/java.util.concurrent.atomic=ALL-UNNAMED -Xmx2048m -Dfile.encoding=windows-1252 -Duser.country=ID -Duser.language=en -Duser.variant -javaagent:C:\Users\UsEr\.gradle\wrapper\dists\gradle-8.10.2-all\7iv73wktx1xtkvlq19urqw1wm\gradle-8.10.2\lib\agents\gradle-instrumentation-agent-8.10.2.jar 
java_command: org.gradle.launcher.daemon.bootstrap.GradleDaemon 8.10.2
java_class_path (initial): C:\Users\UsEr\.gradle\wrapper\dists\gradle-8.10.2-all\7iv73wktx1xtkvlq19urqw1wm\gradle-8.10.2\lib\gradle-daemon-main-8.10.2.jar
Launcher Type: SUN_STANDARD

[Global flags]
     intx CICompilerCount                          = 3                                         {product} {ergonomic}
   size_t CompressedClassSpaceSize                 = 436207616                                 {product} {ergonomic}
     uint ConcGCThreads                            = 1                                         {product} {ergonomic}
     uint G1ConcRefinementThreads                  = 4                                         {product} {ergonomic}
   size_t G1HeapRegionSize                         = 1048576                                   {product} {ergonomic}
    uintx GCDrainStackTargetSize                   = 64                                        {product} {ergonomic}
   size_t InitialHeapSize                          = 134217728                                 {product} {ergonomic}
   size_t MarkStackSize                            = 4194304                                   {product} {ergonomic}
   size_t MaxHeapSize                              = 2147483648                                {product} {command line}
   size_t MaxMetaspaceSize                         = 536870912                                 {product} {command line}
   size_t MaxNewSize                               = 1287651328                                {product} {ergonomic}
   size_t MinHeapDeltaBytes                        = 1048576                                   {product} {ergonomic}
   size_t MinHeapSize                              = 8388608                                   {product} {ergonomic}
    uintx NonNMethodCodeHeapSize                   = 5832780                                {pd product} {ergonomic}
    uintx NonProfiledCodeHeapSize                  = 122912730                              {pd product} {ergonomic}
    uintx ProfiledCodeHeapSize                     = 122912730                              {pd product} {ergonomic}
    uintx ReservedCodeCacheSize                    = 251658240                              {pd product} {ergonomic}
     bool SegmentedCodeCache                       = true                                      {product} {ergonomic}
   size_t SoftMaxHeapSize                          = 2147483648                             {manageable} {ergonomic}
     bool UseCompressedClassPointers               = true                           {product lp64_product} {ergonomic}
     bool UseCompressedOops                        = true                           {product lp64_product} {ergonomic}
     bool UseG1GC                                  = true                                      {product} {ergonomic}
     bool UseLargePagesIndividualAllocation        = false                                  {pd product} {ergonomic}

Logging:
Log output configuration:
 #0: stdout all=warning uptime,level,tags
 #1: stderr all=off uptime,level,tags

Environment Variables:
JAVA_HOME=C:\Program Files\Java\jdk-17
CLASSPATH=D:\sikaresoi-react-1\android\\gradle\wrapper\gradle-wrapper.jar
PATH=D:\sikaresoi-react-1\node_modules\.bin;D:\sikaresoi-react-1\node_modules\.bin;D:\node_modules\.bin;C:\Users\UsEr\AppData\Roaming\nvm\v18.8.0\node_modules\npm\node_modules\@npmcli\run-script\lib\node-gyp-bin;D:\sikaresoi-react-1\node_modules\.bin;D:\node_modules\.bin;C:\Users\UsEr\AppData\Roaming\nvm\v18.8.0\node_modules\npm\node_modules\@npmcli\run-script\lib\node-gyp-bin;C:\Program Files\Java\jdk-17\bin;C:\Program Files\Common Files\Oracle\Java\javapath;C:\Program Files (x86)\Common Files\Intel\Shared Files\cpp\bin\Intel64;C:\Windows\system32;C:\Windows;C:\Windows\System32\Wbem;C:\Windows\System32\WindowsPowerShell\v1.0\;C:\Windows\System32\OpenSSH\;C:\Program Files\PuTTY\;C:\Users\UsEr\AppData\Roaming\nvm;C:\Program Files\nodejs;C:\Program Files\Git\cmd;C:\Program Files\dotnet\;C:\Program Files (x86)\Windows Kits\10\Windows Performance Toolkit\;C:\Users\UsEr\AppData\Local\Android\Sdk\platform-tools;C:\gradle-8.12;C:\gradle-8.12\bin;C:\laragon\bin;C:\laragon\bin\apache\httpd-2.4.54-win64-VS16\bin;C:\laragon\bin\composer;C:\laragon\bin\git\bin;C:\laragon\bin\git\cmd;C:\laragon\bin\git\mingw64\bin;C:\laragon\bin\git\usr\bin;C:\laragon\bin\laragon\utils;C:\laragon\bin\mysql\mysql-8.0.30-winx64\bin;C:\laragon\bin\nginx\nginx-1.22.0;C:\laragon\bin\ngrok;C:\laragon\bin\notepad++;C:\laragon\bin\python\python-3.10;C:\laragon\bin\python\python-3.10\Scripts;C:\laragon\bin\redis\redis-x64-5.0.14.1;C:\laragon\bin\telnet;C:\laragon\usr\bin;C:\Users\UsEr\AppData\Local\Yarn\config\global\node_modules\.bin;C:\Users\UsEr\AppData\Roaming\Composer\vendor\bin;C:\Users\UsEr\AppData\Roaming\npm;C:\Users\UsEr\AppData\Local\Programs\Python\Python312\Scripts\;C:\Users\UsEr\AppData\Local\Programs\Python\Python312\;C:\Users\UsEr\AppData\Local\Microsoft\WindowsApps;C:\Users\UsEr\AppData\Roaming\nvm;C:\Program Files\nodejs;C:\Users\UsEr\.dotnet\tools;C:\xampp\php;C:\Users\UsEr\AppData\Local\Programs\Microsoft VS Code\bin;
USERNAME=UsEr
LANG=en_US.UTF-8
OS=Windows_NT
PROCESSOR_IDENTIFIER=Intel64 Family 6 Model 142 Stepping 9, GenuineIntel



---------------  S Y S T E M  ---------------

OS:
 Windows 10 , 64 bit Build 19041 (10.0.19041.5198)
OS uptime: 0 days 16:44 hours
Hyper-V role detected

CPU: total 4 (initial active 4) (2 cores per cpu, 2 threads per core) family 6 model 142 stepping 9 microcode 0xf4, cx8, cmov, fxsr, ht, mmx, 3dnowpref, sse, sse2, sse3, ssse3, sse4.1, sse4.2, popcnt, lzcnt, tsc, tscinvbit, avx, avx2, aes, erms, clmul, bmi1, bmi2, rtm, adx, fma, vzeroupper, clflush, clflushopt, hv

Memory: 4k page, system-wide physical 8072M (720M free)
TotalPageFile size 16066M (AvailPageFile size 87M)
current process WorkingSet (physical memory assigned to process): 899M, peak: 905M
current process commit charge ("private bytes"): 939M, peak: 1168M

vm_info: Java HotSpot(TM) 64-Bit Server VM (17.0.12+8-LTS-286) for windows-amd64 JRE (17.0.12+8-LTS-286), built on Jun  5 2024 06:46:59 by "mach5one" with MS VC++ 17.6 (VS2022)

END.
