#
# There is insufficient memory for the Java Runtime Environment to continue.
# Native memory allocation (mmap) failed to map 278921216 bytes for G1 virtual space
# Possible reasons:
#   The system is out of physical RAM or swap space
#   The process is running with CompressedOops enabled, and the Java Heap may be blocking the growth of the native heap
# Possible solutions:
#   Reduce memory load on the system
#   Increase physical memory or swap space
#   Check if swap backing store is full
#   Decrease Java heap size (-Xmx/-Xms)
#   Decrease number of Java threads
#   Decrease Java thread stack sizes (-Xss)
#   Set larger code cache with -XX:ReservedCodeCacheSize=
#   JVM is running with Unscaled Compressed Oops mode in which the Java heap is
#     placed in the first 4GB address space. The Java Heap base address is the
#     maximum limit for the native heap growth. Please use -XX:HeapBaseMinAddress
#     to set the Java Heap base and to place the Java Heap above 4GB virtual address.
# This output file may be truncated or incomplete.
#
#  Out of Memory Error (os_windows.cpp:3548), pid=10668, tid=16400
#
# JRE version: Java(TM) SE Runtime Environment (17.0.12+8) (build 17.0.12+8-LTS-286)
# Java VM: Java HotSpot(TM) 64-Bit Server VM (17.0.12+8-LTS-286, mixed mode, sharing, tiered, compressed oops, compressed class ptrs, g1 gc, windows-amd64)
# No core dump will be written. Minidumps are not enabled by default on client versions of Windows
#

---------------  S U M M A R Y ------------

Command Line: -XX:MaxMetaspaceSize=512m --add-opens=java.base/java.util=ALL-UNNAMED --add-opens=java.base/java.lang=ALL-UNNAMED --add-opens=java.base/java.lang.invoke=ALL-UNNAMED --add-opens=java.prefs/java.util.prefs=ALL-UNNAMED --add-exports=jdk.compiler/com.sun.tools.javac.api=ALL-UNNAMED --add-exports=jdk.compiler/com.sun.tools.javac.util=ALL-UNNAMED --add-opens=java.base/java.nio.charset=ALL-UNNAMED --add-opens=java.base/java.net=ALL-UNNAMED --add-opens=java.base/java.util.concurrent.atomic=ALL-UNNAMED -Xmx2048m -Dfile.encoding=windows-1252 -Duser.country=ID -Duser.language=en -Duser.variant -javaagent:C:\Users\UsEr\.gradle\wrapper\dists\gradle-8.10.2-all\7iv73wktx1xtkvlq19urqw1wm\gradle-8.10.2\lib\agents\gradle-instrumentation-agent-8.10.2.jar org.gradle.launcher.daemon.bootstrap.GradleDaemon 8.10.2

Host: Intel(R) Core(TM) i5-7300U CPU @ 2.60GHz, 4 cores, 7G,  Windows 10 , 64 bit Build 19041 (10.0.19041.5198)
Time: Thu Jan 16 11:50:35 2025 SE Asia Standard Time elapsed time: 72.310916 seconds (0d 0h 1m 12s)

---------------  T H R E A D  ---------------

Current thread (0x000001b8f708b400):  VMThread "VM Thread" [stack: 0x0000000134400000,0x0000000134500000] [id=16400]

Stack: [0x0000000134400000,0x0000000134500000]
Native frames: (J=compiled Java code, j=interpreted, Vv=VM code, C=native code)
V  [jvm.dll+0x67a04a]
V  [jvm.dll+0x7da4ed]
V  [jvm.dll+0x7dbe33]
V  [jvm.dll+0x7dc4a3]
V  [jvm.dll+0x24508f]
V  [jvm.dll+0x677089]
V  [jvm.dll+0x66bd32]
V  [jvm.dll+0x301fa6]
V  [jvm.dll+0x309546]
V  [jvm.dll+0x359d2e]
V  [jvm.dll+0x359f5f]
V  [jvm.dll+0x2d9078]
V  [jvm.dll+0x2d74ad]
V  [jvm.dll+0x2d6afc]
V  [jvm.dll+0x31a65b]
V  [jvm.dll+0x7e0d9b]
V  [jvm.dll+0x7e1ad4]
V  [jvm.dll+0x7e1fed]
V  [jvm.dll+0x7e23c4]
V  [jvm.dll+0x7e2490]
V  [jvm.dll+0x78abea]
V  [jvm.dll+0x678f35]
C  [ucrtbase.dll+0x21bb2]
C  [KERNEL32.DLL+0x17374]
C  [ntdll.dll+0x4cc91]

VM_Operation (0x0000000135cf74a0): G1CollectForAllocation, mode: safepoint, requested by thread 0x000001b8fd50f910


---------------  P R O C E S S  ---------------

Threads class SMR info:
_java_thread_list=0x000001b8fdee6000, length=93, elements={
0x000001b8d973d950, 0x000001b8f7091d10, 0x000001b8f7093240, 0x000001b8f70a96e0,
0x000001b8f70ab320, 0x000001b8f70b03b0, 0x000001b8f70d0c90, 0x000001b8f70d2030,
0x000001b8f70da6a0, 0x000001b8f70f0ad0, 0x000001b8f707d8d0, 0x000001b8f7410b90,
0x000001b8fcddacc0, 0x000001b8fd529820, 0x000001b8fc4c38f0, 0x000001b8fc9e3670,
0x000001b8f79e1750, 0x000001b8fd50d090, 0x000001b8fd50f910, 0x000001b8fd50dfc0,
0x000001b8fd510840, 0x000001b8fd50f400, 0x000001b8fd50fe20, 0x000001b8fd50dab0,
0x000001b8fd50e4d0, 0x000001b8fd50e9e0, 0x000001b8fd50eef0, 0x000001b8fddab4d0,
0x000001b8fddab9e0, 0x000001b8fddb1a10, 0x000001b8fddafbb0, 0x000001b8fddabef0,
0x000001b8fddac400, 0x000001b8fddac910, 0x000001b8fddace20, 0x000001b8fddad840,
0x000001b8fddadd50, 0x000001b8fddb2430, 0x000001b8fddae260, 0x000001b8fddae770,
0x000001b8fddaafc0, 0x000001b8fddaf6a0, 0x000001b8fddb0ae0, 0x000001b8fddb1f20,
0x000001b8fddb0ff0, 0x000001b8fddb1500, 0x000001b8fddb2940, 0x000001b89be2fa50,
0x000001b89be2eb20, 0x000001b89be2e610, 0x000001b89be2bd90, 0x000001b89be2e100,
0x000001b89be2ccc0, 0x000001b89be2ff60, 0x000001b89be30470, 0x000001b89be30980,
0x000001b89be2d1d0, 0x000001b89be2b880, 0x000001b89be30e90, 0x000001b89be318b0,
0x000001b89be31dc0, 0x000001b89be2c2a0, 0x000001b89be2ae60, 0x000001b89be2c7b0,
0x000001b89be322d0, 0x000001b89be2dbf0, 0x000001b89be2f030, 0x000001b89be2d6e0,
0x000001b89be327e0, 0x000001b89be2f540, 0x000001b89c107740, 0x000001b89c103570,
0x000001b89c1058e0, 0x000001b89c107c50, 0x000001b89c103f90, 0x000001b89c105df0,
0x000001b89c106300, 0x000001b89c108670, 0x000001b89c106810, 0x000001b89c106d20,
0x000001b89c103a80, 0x000001b89c1053d0, 0x000001b89c107230, 0x000001b89c109090,
0x000001b89c1044a0, 0x000001b89c108160, 0x000001b89c1095a0, 0x000001b89c109ab0,
0x000001b89c109fc0, 0x000001b89c10a4d0, 0x000001b89c10a9e0, 0x000001b89b2277e0,
0x000001b89c1cb2a0
}

Java Threads: ( => current thread )
  0x000001b8d973d950 JavaThread "main" [_thread_blocked, id=4644, stack(0x0000000133e00000,0x0000000133f00000)]
  0x000001b8f7091d10 JavaThread "Reference Handler" daemon [_thread_blocked, id=10272, stack(0x0000000134500000,0x0000000134600000)]
  0x000001b8f7093240 JavaThread "Finalizer" daemon [_thread_blocked, id=22316, stack(0x0000000134600000,0x0000000134700000)]
  0x000001b8f70a96e0 JavaThread "Signal Dispatcher" daemon [_thread_blocked, id=16360, stack(0x0000000134700000,0x0000000134800000)]
  0x000001b8f70ab320 JavaThread "Attach Listener" daemon [_thread_blocked, id=15524, stack(0x0000000134800000,0x0000000134900000)]
  0x000001b8f70b03b0 JavaThread "Service Thread" daemon [_thread_blocked, id=18260, stack(0x0000000134900000,0x0000000134a00000)]
  0x000001b8f70d0c90 JavaThread "Monitor Deflation Thread" daemon [_thread_blocked, id=3584, stack(0x0000000134a00000,0x0000000134b00000)]
  0x000001b8f70d2030 JavaThread "C2 CompilerThread0" daemon [_thread_in_native, id=10872, stack(0x0000000134b00000,0x0000000134c00000)]
  0x000001b8f70da6a0 JavaThread "C1 CompilerThread0" daemon [_thread_blocked, id=14520, stack(0x0000000134c00000,0x0000000134d00000)]
  0x000001b8f70f0ad0 JavaThread "Sweeper thread" daemon [_thread_blocked, id=21508, stack(0x0000000134d00000,0x0000000134e00000)]
  0x000001b8f707d8d0 JavaThread "Common-Cleaner" daemon [_thread_blocked, id=15348, stack(0x0000000134e00000,0x0000000134f00000)]
  0x000001b8f7410b90 JavaThread "Notification Thread" daemon [_thread_blocked, id=19768, stack(0x0000000134f00000,0x0000000135000000)]
  0x000001b8fcddacc0 JavaThread "Daemon health stats" [_thread_blocked, id=5472, stack(0x0000000135600000,0x0000000135700000)]
  0x000001b8fd529820 JavaThread "Incoming local TCP Connector on port 59796" [_thread_in_native, id=19464, stack(0x0000000135700000,0x0000000135800000)]
  0x000001b8fc4c38f0 JavaThread "Daemon periodic checks" [_thread_blocked, id=22324, stack(0x0000000135800000,0x0000000135900000)]
  0x000001b8fc9e3670 JavaThread "Daemon" [_thread_blocked, id=21764, stack(0x0000000135900000,0x0000000135a00000)]
  0x000001b8f79e1750 JavaThread "Handler for socket connection from /127.0.0.1:59796 to /127.0.0.1:59797" [_thread_in_native, id=18848, stack(0x0000000135a00000,0x0000000135b00000)]
  0x000001b8fd50d090 JavaThread "Cancel handler" [_thread_blocked, id=22116, stack(0x0000000135b00000,0x0000000135c00000)]
  0x000001b8fd50f910 JavaThread "Daemon worker" [_thread_blocked, id=17128, stack(0x0000000135c00000,0x0000000135d00000)]
  0x000001b8fd50dfc0 JavaThread "Asynchronous log dispatcher for DefaultDaemonConnection: socket connection from /127.0.0.1:59796 to /127.0.0.1:59797" [_thread_blocked, id=8012, stack(0x0000000135d00000,0x0000000135e00000)]
  0x000001b8fd510840 JavaThread "Stdin handler" [_thread_blocked, id=16952, stack(0x0000000135e00000,0x0000000135f00000)]
  0x000001b8fd50f400 JavaThread "Daemon client event forwarder" [_thread_blocked, id=17540, stack(0x0000000135f00000,0x0000000136000000)]
  0x000001b8fd50fe20 JavaThread "Cache worker for journal cache (C:\Users\UsEr\.gradle\caches\journal-1)" [_thread_blocked, id=22148, stack(0x0000000136000000,0x0000000136100000)]
  0x000001b8fd50dab0 JavaThread "File lock request listener" [_thread_in_native, id=9964, stack(0x0000000136100000,0x0000000136200000)]
  0x000001b8fd50e4d0 JavaThread "Cache worker for file hash cache (C:\Users\UsEr\.gradle\caches\8.10.2\fileHashes)" [_thread_blocked, id=9248, stack(0x0000000136200000,0x0000000136300000)]
  0x000001b8fd50e9e0 JavaThread "Cache worker for file hash cache (D:\sikaresoi-react-1\android\.gradle\8.10.2\fileHashes)" [_thread_blocked, id=2600, stack(0x0000000136300000,0x0000000136400000)]
  0x000001b8fd50eef0 JavaThread "Cache worker for Build Output Cleanup Cache (D:\sikaresoi-react-1\android\.gradle\buildOutputCleanup)" [_thread_blocked, id=17952, stack(0x0000000136400000,0x0000000136500000)]
  0x000001b8fddab4d0 JavaThread "File watcher server" daemon [_thread_blocked, id=18484, stack(0x0000000136500000,0x0000000136600000)]
  0x000001b8fddab9e0 JavaThread "File watcher consumer" daemon [_thread_blocked, id=16368, stack(0x0000000136600000,0x0000000136700000)]
  0x000001b8fddb1a10 JavaThread "Cache worker for checksums cache (D:\sikaresoi-react-1\android\.gradle\8.10.2\checksums)" [_thread_blocked, id=19784, stack(0x0000000136700000,0x0000000136800000)]
  0x000001b8fddafbb0 JavaThread "Cache worker for file content cache (C:\Users\UsEr\.gradle\caches\8.10.2\fileContent)" [_thread_blocked, id=14356, stack(0x0000000136800000,0x0000000136900000)]
  0x000001b8fddabef0 JavaThread "Cache worker for cache directory md-rule (C:\Users\UsEr\.gradle\caches\8.10.2\md-rule)" [_thread_blocked, id=21872, stack(0x0000000136900000,0x0000000136a00000)]
  0x000001b8fddac400 JavaThread "Cache worker for cache directory md-supplier (C:\Users\UsEr\.gradle\caches\8.10.2\md-supplier)" [_thread_blocked, id=17580, stack(0x0000000136a00000,0x0000000136b00000)]
  0x000001b8fddac910 JavaThread "jar transforms" [_thread_blocked, id=22056, stack(0x0000000136c00000,0x0000000136d00000)]
  0x000001b8fddace20 JavaThread "Cache worker for Build Output Cleanup Cache (D:\sikaresoi-react-1\node_modules\@react-native\gradle-plugin\.gradle\buildOutputCleanup)" [_thread_blocked, id=18936, stack(0x0000000135300000,0x0000000135400000)]
  0x000001b8fddad840 JavaThread "Unconstrained build operations" [_thread_blocked, id=22104, stack(0x0000000136d00000,0x0000000136e00000)]
  0x000001b8fddadd50 JavaThread "Unconstrained build operations Thread 2" [_thread_blocked, id=16492, stack(0x0000000136e00000,0x0000000136f00000)]
  0x000001b8fddb2430 JavaThread "Unconstrained build operations Thread 3" [_thread_blocked, id=3772, stack(0x0000000136f00000,0x0000000137000000)]
  0x000001b8fddae260 JavaThread "Unconstrained build operations Thread 4" [_thread_blocked, id=17520, stack(0x0000000137000000,0x0000000137100000)]
  0x000001b8fddae770 JavaThread "Unconstrained build operations Thread 5" [_thread_blocked, id=17316, stack(0x0000000137100000,0x0000000137200000)]
  0x000001b8fddaafc0 JavaThread "Unconstrained build operations Thread 6" [_thread_blocked, id=21536, stack(0x0000000137200000,0x0000000137300000)]
  0x000001b8fddaf6a0 JavaThread "Unconstrained build operations Thread 7" [_thread_blocked, id=22216, stack(0x0000000137400000,0x0000000137500000)]
  0x000001b8fddb0ae0 JavaThread "Unconstrained build operations Thread 8" [_thread_blocked, id=10772, stack(0x0000000137500000,0x0000000137600000)]
  0x000001b8fddb1f20 JavaThread "Unconstrained build operations Thread 9" [_thread_blocked, id=2500, stack(0x0000000137600000,0x0000000137700000)]
  0x000001b8fddb0ff0 JavaThread "Unconstrained build operations Thread 10" [_thread_blocked, id=4592, stack(0x0000000137300000,0x0000000137400000)]
  0x000001b8fddb1500 JavaThread "Unconstrained build operations Thread 11" [_thread_blocked, id=8212, stack(0x0000000137700000,0x0000000137800000)]
  0x000001b8fddb2940 JavaThread "Unconstrained build operations Thread 12" [_thread_blocked, id=16936, stack(0x0000000137800000,0x0000000137900000)]
  0x000001b89be2fa50 JavaThread "Unconstrained build operations Thread 13" [_thread_blocked, id=1332, stack(0x0000000137900000,0x0000000137a00000)]
  0x000001b89be2eb20 JavaThread "Unconstrained build operations Thread 14" [_thread_blocked, id=4088, stack(0x0000000137a00000,0x0000000137b00000)]
  0x000001b89be2e610 JavaThread "Unconstrained build operations Thread 15" [_thread_blocked, id=20032, stack(0x0000000137b00000,0x0000000137c00000)]
  0x000001b89be2bd90 JavaThread "Memory manager" [_thread_blocked, id=14304, stack(0x0000000137d00000,0x0000000137e00000)]
  0x000001b89be2e100 JavaThread "build event listener" [_thread_blocked, id=20952, stack(0x0000000137c00000,0x0000000137d00000)]
  0x000001b89be2ccc0 JavaThread "ForkJoinPool.commonPool-worker-1" daemon [_thread_blocked, id=20736, stack(0x0000000137f00000,0x0000000138000000)]
  0x000001b89be2ff60 JavaThread "ForkJoinPool.commonPool-worker-2" daemon [_thread_blocked, id=21184, stack(0x0000000138000000,0x0000000138100000)]
  0x000001b89be30470 JavaThread "ForkJoinPool.commonPool-worker-3" daemon [_thread_blocked, id=21736, stack(0x0000000138100000,0x0000000138200000)]
  0x000001b89be30980 JavaThread "Exec process" daemon [_thread_blocked, id=16140, stack(0x0000000138200000,0x0000000138300000)]
  0x000001b89be2d1d0 JavaThread "Exec process Thread 2" daemon [_thread_blocked, id=15776, stack(0x0000000137e00000,0x0000000137f00000)]
  0x000001b89be2b880 JavaThread "Exec process Thread 3" daemon [_thread_blocked, id=9348, stack(0x0000000138300000,0x0000000138400000)]
  0x000001b89be30e90 JavaThread "included builds" [_thread_blocked, id=20280, stack(0x0000000138500000,0x0000000138600000)]
  0x000001b89be318b0 JavaThread "Execution worker" [_thread_blocked, id=22028, stack(0x0000000138600000,0x0000000138700000)]
  0x000001b89be31dc0 JavaThread "Execution worker Thread 2" [_thread_blocked, id=17572, stack(0x0000000138700000,0x0000000138800000)]
  0x000001b89be2c2a0 JavaThread "Execution worker Thread 3" [_thread_blocked, id=17512, stack(0x0000000138800000,0x0000000138900000)]
  0x000001b89be2ae60 JavaThread "Cache worker for execution history cache (D:\sikaresoi-react-1\node_modules\@react-native\gradle-plugin\.gradle\8.10.2\executionHistory)" [_thread_blocked, id=22288, stack(0x0000000138900000,0x0000000138a00000)]
  0x000001b89be2c7b0 JavaThread "Unconstrained build operations Thread 16" [_thread_blocked, id=22436, stack(0x0000000138a00000,0x0000000138b00000)]
  0x000001b89be322d0 JavaThread "Unconstrained build operations Thread 17" [_thread_blocked, id=1016, stack(0x0000000138b00000,0x0000000138c00000)]
  0x000001b89be2dbf0 JavaThread "Unconstrained build operations Thread 18" [_thread_blocked, id=15352, stack(0x0000000138c00000,0x0000000138d00000)]
  0x000001b89be2f030 JavaThread "Unconstrained build operations Thread 19" [_thread_blocked, id=21956, stack(0x0000000138d00000,0x0000000138e00000)]
  0x000001b89be2d6e0 JavaThread "Unconstrained build operations Thread 20" [_thread_blocked, id=16728, stack(0x0000000138e00000,0x0000000138f00000)]
  0x000001b89be327e0 JavaThread "Unconstrained build operations Thread 21" [_thread_blocked, id=17152, stack(0x0000000138f00000,0x0000000139000000)]
  0x000001b89be2f540 JavaThread "Unconstrained build operations Thread 22" [_thread_blocked, id=22440, stack(0x0000000139000000,0x0000000139100000)]
  0x000001b89c107740 JavaThread "Unconstrained build operations Thread 23" [_thread_blocked, id=15648, stack(0x0000000139100000,0x0000000139200000)]
  0x000001b89c103570 JavaThread "Unconstrained build operations Thread 24" [_thread_blocked, id=19696, stack(0x0000000139200000,0x0000000139300000)]
  0x000001b89c1058e0 JavaThread "Unconstrained build operations Thread 25" [_thread_blocked, id=17836, stack(0x0000000139300000,0x0000000139400000)]
  0x000001b89c107c50 JavaThread "Unconstrained build operations Thread 26" [_thread_blocked, id=21788, stack(0x0000000139400000,0x0000000139500000)]
  0x000001b89c103f90 JavaThread "Unconstrained build operations Thread 27" [_thread_blocked, id=15832, stack(0x0000000139500000,0x0000000139600000)]
  0x000001b89c105df0 JavaThread "Unconstrained build operations Thread 28" [_thread_blocked, id=16520, stack(0x0000000139600000,0x0000000139700000)]
  0x000001b89c106300 JavaThread "Unconstrained build operations Thread 29" [_thread_blocked, id=19848, stack(0x0000000139700000,0x0000000139800000)]
  0x000001b89c108670 JavaThread "Unconstrained build operations Thread 30" [_thread_blocked, id=11816, stack(0x0000000139800000,0x0000000139900000)]
  0x000001b89c106810 JavaThread "Unconstrained build operations Thread 31" [_thread_blocked, id=19640, stack(0x0000000139900000,0x0000000139a00000)]
  0x000001b89c106d20 JavaThread "Unconstrained build operations Thread 32" [_thread_blocked, id=22196, stack(0x0000000139a00000,0x0000000139b00000)]
  0x000001b89c103a80 JavaThread "Unconstrained build operations Thread 33" [_thread_blocked, id=8432, stack(0x0000000139b00000,0x0000000139c00000)]
  0x000001b89c1053d0 JavaThread "Unconstrained build operations Thread 34" [_thread_blocked, id=19392, stack(0x0000000139c00000,0x0000000139d00000)]
  0x000001b89c107230 JavaThread "Unconstrained build operations Thread 35" [_thread_blocked, id=5144, stack(0x0000000139d00000,0x0000000139e00000)]
  0x000001b89c109090 JavaThread "Unconstrained build operations Thread 36" [_thread_in_native, id=17484, stack(0x0000000139e00000,0x0000000139f00000)]
  0x000001b89c1044a0 JavaThread "jar transforms Thread 2" [_thread_blocked, id=22384, stack(0x0000000139f00000,0x000000013a000000)]
  0x000001b89c108160 JavaThread "jar transforms Thread 3" [_thread_blocked, id=6252, stack(0x000000013a200000,0x000000013a300000)]
  0x000001b89c1095a0 JavaThread "Unconstrained build operations Thread 37" [_thread_blocked, id=16636, stack(0x000000013a300000,0x000000013a400000)]
  0x000001b89c109ab0 JavaThread "Unconstrained build operations Thread 38" [_thread_in_native, id=11188, stack(0x000000013a400000,0x000000013a500000)]
  0x000001b89c109fc0 JavaThread "Unconstrained build operations Thread 39" [_thread_blocked, id=12532, stack(0x000000013a500000,0x000000013a600000)]
  0x000001b89c10a4d0 JavaThread "Unconstrained build operations Thread 40" [_thread_blocked, id=16444, stack(0x000000013a600000,0x000000013a700000)]
  0x000001b89c10a9e0 JavaThread "jar transforms Thread 4" [_thread_blocked, id=18568, stack(0x000000013a700000,0x000000013a800000)]
  0x000001b89b2277e0 JavaThread "build event listener" [_thread_blocked, id=11740, stack(0x000000013a800000,0x000000013a900000)]
  0x000001b89c1cb2a0 JavaThread "C2 CompilerThread1" daemon [_thread_in_native, id=16504, stack(0x0000000133c00000,0x0000000133d00000)]

Other Threads:
=>0x000001b8f708b400 VMThread "VM Thread" [stack: 0x0000000134400000,0x0000000134500000] [id=16400]
  0x000001b8d97b5aa0 WatcherThread [stack: 0x0000000135000000,0x0000000135100000] [id=20920]
  0x000001b8d979a270 GCTaskThread "GC Thread#0" [stack: 0x0000000133f00000,0x0000000134000000] [id=21444]
  0x000001b8f75140f0 GCTaskThread "GC Thread#1" [stack: 0x0000000135100000,0x0000000135200000] [id=21668]
  0x000001b8f75143b0 GCTaskThread "GC Thread#2" [stack: 0x0000000135200000,0x0000000135300000] [id=21864]
  0x000001b8fcc2eb40 GCTaskThread "GC Thread#3" [stack: 0x0000000135400000,0x0000000135500000] [id=16640]
  0x000001b8d97ab0d0 ConcurrentGCThread "G1 Main Marker" [stack: 0x0000000134000000,0x0000000134100000] [id=12732]
  0x000001b8d97ae570 ConcurrentGCThread "G1 Conc#0" [stack: 0x0000000134100000,0x0000000134200000] [id=11928]
  0x000001b8f6f4c110 ConcurrentGCThread "G1 Refine#0" [stack: 0x0000000134200000,0x0000000134300000] [id=18616]
  0x000001b8fcc451a0 ConcurrentGCThread "G1 Refine#1" [stack: 0x0000000135500000,0x0000000135600000] [id=3448]
  0x000001b8ff1a7840 ConcurrentGCThread "G1 Refine#2" [stack: 0x0000000136b00000,0x0000000136c00000] [id=3340]
  0x000001b89c9faf60 ConcurrentGCThread "G1 Refine#3" [stack: 0x0000000133b00000,0x0000000133c00000] [id=15176]
  0x000001b8f6f4ca50 ConcurrentGCThread "G1 Service" [stack: 0x0000000134300000,0x0000000134400000] [id=15016]

Threads with active compile tasks:
C2 CompilerThread0    72389 16387   !   4       org.gradle.api.internal.artifacts.ivyservice.resolveengine.artifact.VariantResolvingArtifactSet::select (153 bytes)
C2 CompilerThread1    72389 16385   !   4       org.gradle.api.internal.artifacts.transform.AttributeMatchingArtifactVariantSelector::select (38 bytes)

VM state: at safepoint (normal execution)

VM Mutex/Monitor currently owned by a thread:  ([mutex/lock_event])
[0x000001b8d9738430] Threads_lock - owner thread: 0x000001b8f708b400
[0x000001b8d9738d30] Heap_lock - owner thread: 0x000001b8fd50f910

Heap address: 0x0000000080000000, size: 2048 MB, Compressed Oops mode: 32-bit

CDS archive(s) mapped at: [0x000001b880000000-0x000001b880bd0000-0x000001b880bd0000), size 12386304, SharedBaseAddress: 0x000001b880000000, ArchiveRelocationMode: 1.
Compressed class space mapped at: 0x000001b881000000-0x000001b89b000000, reserved size: 436207616
Narrow klass base: 0x000001b880000000, Narrow klass shift: 0, Narrow klass range: 0x100000000

GC Precious Log:
 CPUs: 4 total, 4 available
 Memory: 8072M
 Large Page Support: Disabled
 NUMA Support: Disabled
 Compressed Oops: Enabled (32-bit)
 Heap Region Size: 1M
 Heap Min Capacity: 8M
 Heap Initial Capacity: 128M
 Heap Max Capacity: 2G
 Pre-touch: Disabled
 Parallel Workers: 4
 Concurrent Workers: 1
 Concurrent Refinement Workers: 4
 Periodic GC: Disabled

Heap:
 garbage-first heap   total 447488K, used 249623K [0x0000000080000000, 0x0000000100000000)
  region size 1024K, 15 young (15360K), 15 survivors (15360K)
 Metaspace       used 108230K, committed 109760K, reserved 557056K
  class space    used 15167K, committed 15872K, reserved 425984K

Heap Regions: E=young(eden), S=young(survivor), O=old, HS=humongous(starts), HC=humongous(continues), CS=collection set, F=free, OA=open archive, CA=closed archive, TAMS=top-at-mark-start (previous, next)
|   0|0x0000000080000000, 0x0000000080100000, 0x0000000080100000|100%|HS|  |TAMS 0x0000000080100000, 0x0000000080000000| Complete 
|   1|0x0000000080100000, 0x0000000080200000, 0x0000000080200000|100%|HC|  |TAMS 0x0000000080200000, 0x0000000080100000| Complete 
|   2|0x0000000080200000, 0x0000000080300000, 0x0000000080300000|100%|HC|  |TAMS 0x0000000080300000, 0x0000000080200000| Complete 
|   3|0x0000000080300000, 0x0000000080400000, 0x0000000080400000|100%|HC|  |TAMS 0x0000000080400000, 0x0000000080300000| Complete 
|   4|0x0000000080400000, 0x0000000080500000, 0x0000000080500000|100%| O|  |TAMS 0x0000000080500000, 0x0000000080400000| Untracked 
|   5|0x0000000080500000, 0x0000000080600000, 0x0000000080600000|100%| O|  |TAMS 0x0000000080600000, 0x0000000080500000| Untracked 
|   6|0x0000000080600000, 0x0000000080700000, 0x0000000080700000|100%| O|  |TAMS 0x0000000080700000, 0x0000000080600000| Untracked 
|   7|0x0000000080700000, 0x0000000080800000, 0x0000000080800000|100%| O|  |TAMS 0x0000000080800000, 0x0000000080700000| Untracked 
|   8|0x0000000080800000, 0x0000000080900000, 0x0000000080900000|100%|HS|  |TAMS 0x0000000080900000, 0x0000000080800000| Complete 
|   9|0x0000000080900000, 0x0000000080a00000, 0x0000000080a00000|100%| O|  |TAMS 0x0000000080a00000, 0x0000000080900000| Untracked 
|  10|0x0000000080a00000, 0x0000000080b00000, 0x0000000080b00000|100%| O|  |TAMS 0x0000000080b00000, 0x0000000080a00000| Untracked 
|  11|0x0000000080b00000, 0x0000000080c00000, 0x0000000080c00000|100%| O|  |TAMS 0x0000000080c00000, 0x0000000080b00000| Untracked 
|  12|0x0000000080c00000, 0x0000000080d00000, 0x0000000080d00000|100%| O|  |TAMS 0x0000000080d00000, 0x0000000080c00000| Untracked 
|  13|0x0000000080d00000, 0x0000000080e00000, 0x0000000080e00000|100%| O|  |TAMS 0x0000000080e00000, 0x0000000080d00000| Untracked 
|  14|0x0000000080e00000, 0x0000000080f00000, 0x0000000080f00000|100%| O|  |TAMS 0x0000000080f00000, 0x0000000080e00000| Untracked 
|  15|0x0000000080f00000, 0x0000000081000000, 0x0000000081000000|100%| O|  |TAMS 0x0000000081000000, 0x0000000080f00000| Untracked 
|  16|0x0000000081000000, 0x0000000081100000, 0x0000000081100000|100%| O|  |TAMS 0x0000000081100000, 0x0000000081000000| Untracked 
|  17|0x0000000081100000, 0x0000000081200000, 0x0000000081200000|100%| O|  |TAMS 0x0000000081200000, 0x0000000081100000| Untracked 
|  18|0x0000000081200000, 0x0000000081300000, 0x0000000081300000|100%| O|  |TAMS 0x0000000081300000, 0x0000000081200000| Untracked 
|  19|0x0000000081300000, 0x0000000081400000, 0x0000000081400000|100%| O|  |TAMS 0x0000000081400000, 0x0000000081300000| Untracked 
|  20|0x0000000081400000, 0x0000000081500000, 0x0000000081500000|100%| O|  |TAMS 0x0000000081500000, 0x0000000081400000| Untracked 
|  21|0x0000000081500000, 0x0000000081600000, 0x0000000081600000|100%| O|  |TAMS 0x0000000081600000, 0x0000000081500000| Untracked 
|  22|0x0000000081600000, 0x0000000081700000, 0x0000000081700000|100%| O|  |TAMS 0x0000000081700000, 0x0000000081600000| Untracked 
|  23|0x0000000081700000, 0x0000000081800000, 0x0000000081800000|100%| O|  |TAMS 0x0000000081800000, 0x0000000081700000| Untracked 
|  24|0x0000000081800000, 0x0000000081900000, 0x0000000081900000|100%| O|  |TAMS 0x0000000081900000, 0x0000000081800000| Untracked 
|  25|0x0000000081900000, 0x0000000081a00000, 0x0000000081a00000|100%| O|  |TAMS 0x0000000081a00000, 0x0000000081900000| Untracked 
|  26|0x0000000081a00000, 0x0000000081b00000, 0x0000000081b00000|100%| O|  |TAMS 0x0000000081b00000, 0x0000000081a00000| Untracked 
|  27|0x0000000081b00000, 0x0000000081c00000, 0x0000000081c00000|100%| O|  |TAMS 0x0000000081c00000, 0x0000000081b00000| Untracked 
|  28|0x0000000081c00000, 0x0000000081d00000, 0x0000000081d00000|100%| O|  |TAMS 0x0000000081d00000, 0x0000000081c00000| Untracked 
|  29|0x0000000081d00000, 0x0000000081e00000, 0x0000000081e00000|100%| O|  |TAMS 0x0000000081e00000, 0x0000000081d00000| Untracked 
|  30|0x0000000081e00000, 0x0000000081f00000, 0x0000000081f00000|100%| O|  |TAMS 0x0000000081f00000, 0x0000000081e00000| Untracked 
|  31|0x0000000081f00000, 0x0000000082000000, 0x0000000082000000|100%| O|  |TAMS 0x0000000082000000, 0x0000000081f00000| Untracked 
|  32|0x0000000082000000, 0x0000000082100000, 0x0000000082100000|100%| O|  |TAMS 0x0000000082100000, 0x0000000082000000| Untracked 
|  33|0x0000000082100000, 0x0000000082200000, 0x0000000082200000|100%| O|  |TAMS 0x0000000082200000, 0x0000000082100000| Untracked 
|  34|0x0000000082200000, 0x0000000082300000, 0x0000000082300000|100%| O|  |TAMS 0x0000000082300000, 0x0000000082200000| Untracked 
|  35|0x0000000082300000, 0x0000000082400000, 0x0000000082400000|100%| O|  |TAMS 0x0000000082400000, 0x0000000082300000| Untracked 
|  36|0x0000000082400000, 0x0000000082500000, 0x0000000082500000|100%| O|  |TAMS 0x0000000082500000, 0x0000000082400000| Untracked 
|  37|0x0000000082500000, 0x0000000082600000, 0x0000000082600000|100%| O|  |TAMS 0x0000000082600000, 0x0000000082500000| Untracked 
|  38|0x0000000082600000, 0x0000000082700000, 0x0000000082700000|100%| O|  |TAMS 0x0000000082700000, 0x0000000082600000| Untracked 
|  39|0x0000000082700000, 0x0000000082800000, 0x0000000082800000|100%| O|  |TAMS 0x0000000082800000, 0x0000000082700000| Untracked 
|  40|0x0000000082800000, 0x0000000082900000, 0x0000000082900000|100%| O|  |TAMS 0x0000000082900000, 0x0000000082800000| Untracked 
|  41|0x0000000082900000, 0x0000000082a00000, 0x0000000082a00000|100%| O|  |TAMS 0x0000000082a00000, 0x0000000082900000| Untracked 
|  42|0x0000000082a00000, 0x0000000082b00000, 0x0000000082b00000|100%|HS|  |TAMS 0x0000000082b00000, 0x0000000082a00000| Complete 
|  43|0x0000000082b00000, 0x0000000082c00000, 0x0000000082c00000|100%|HC|  |TAMS 0x0000000082c00000, 0x0000000082b00000| Complete 
|  44|0x0000000082c00000, 0x0000000082d00000, 0x0000000082d00000|100%|HS|  |TAMS 0x0000000082d00000, 0x0000000082c00000| Complete 
|  45|0x0000000082d00000, 0x0000000082e00000, 0x0000000082e00000|100%|HC|  |TAMS 0x0000000082e00000, 0x0000000082d00000| Complete 
|  46|0x0000000082e00000, 0x0000000082f00000, 0x0000000082f00000|100%| O|  |TAMS 0x0000000082f00000, 0x0000000082e00000| Untracked 
|  47|0x0000000082f00000, 0x0000000083000000, 0x0000000083000000|100%| O|  |TAMS 0x0000000082f00000, 0x0000000082f00000| Untracked 
|  48|0x0000000083000000, 0x0000000083100000, 0x0000000083100000|100%| O|  |TAMS 0x0000000083100000, 0x0000000083000000| Untracked 
|  49|0x0000000083100000, 0x0000000083200000, 0x0000000083200000|100%|HS|  |TAMS 0x0000000083200000, 0x0000000083100000| Complete 
|  50|0x0000000083200000, 0x0000000083300000, 0x0000000083300000|100%|HC|  |TAMS 0x0000000083300000, 0x0000000083200000| Complete 
|  51|0x0000000083300000, 0x0000000083400000, 0x0000000083400000|100%|HC|  |TAMS 0x0000000083400000, 0x0000000083300000| Complete 
|  52|0x0000000083400000, 0x0000000083500000, 0x0000000083500000|100%|HC|  |TAMS 0x0000000083500000, 0x0000000083400000| Complete 
|  53|0x0000000083500000, 0x0000000083600000, 0x0000000083600000|100%|HS|  |TAMS 0x0000000083600000, 0x0000000083500000| Complete 
|  54|0x0000000083600000, 0x0000000083700000, 0x0000000083700000|100%|HC|  |TAMS 0x0000000083700000, 0x0000000083600000| Complete 
|  55|0x0000000083700000, 0x0000000083800000, 0x0000000083800000|100%|HC|  |TAMS 0x0000000083800000, 0x0000000083700000| Complete 
|  56|0x0000000083800000, 0x0000000083900000, 0x0000000083900000|100%|HC|  |TAMS 0x0000000083900000, 0x0000000083800000| Complete 
|  57|0x0000000083900000, 0x0000000083a00000, 0x0000000083a00000|100%| O|  |TAMS 0x0000000083a00000, 0x0000000083900000| Untracked 
|  58|0x0000000083a00000, 0x0000000083b00000, 0x0000000083b00000|100%| O|  |TAMS 0x0000000083b00000, 0x0000000083a00000| Untracked 
|  59|0x0000000083b00000, 0x0000000083c00000, 0x0000000083c00000|100%| O|  |TAMS 0x0000000083c00000, 0x0000000083b00000| Untracked 
|  60|0x0000000083c00000, 0x0000000083d00000, 0x0000000083d00000|100%| O|  |TAMS 0x0000000083d00000, 0x0000000083c00000| Untracked 
|  61|0x0000000083d00000, 0x0000000083e00000, 0x0000000083e00000|100%| O|  |TAMS 0x0000000083e00000, 0x0000000083d00000| Untracked 
|  62|0x0000000083e00000, 0x0000000083f00000, 0x0000000083f00000|100%| O|  |TAMS 0x0000000083f00000, 0x0000000083e00000| Untracked 
|  63|0x0000000083f00000, 0x0000000084000000, 0x0000000084000000|100%| O|  |TAMS 0x0000000083f00000, 0x0000000083f00000| Untracked 
|  64|0x0000000084000000, 0x0000000084100000, 0x0000000084100000|100%|HS|  |TAMS 0x0000000084000000, 0x0000000084000000| Complete 
|  65|0x0000000084100000, 0x0000000084200000, 0x0000000084200000|100%| O|  |TAMS 0x0000000084200000, 0x0000000084100000| Untracked 
|  66|0x0000000084200000, 0x0000000084300000, 0x0000000084300000|100%| O|  |TAMS 0x0000000084300000, 0x0000000084200000| Untracked 
|  67|0x0000000084300000, 0x0000000084300000, 0x0000000084400000|  0%| F|  |TAMS 0x0000000084300000, 0x0000000084300000| Untracked 
|  68|0x0000000084400000, 0x0000000084400000, 0x0000000084500000|  0%| F|  |TAMS 0x0000000084400000, 0x0000000084400000| Untracked 
|  69|0x0000000084500000, 0x0000000084600000, 0x0000000084600000|100%| O|  |TAMS 0x0000000084600000, 0x0000000084500000| Untracked 
|  70|0x0000000084600000, 0x0000000084700000, 0x0000000084700000|100%| O|  |TAMS 0x0000000084700000, 0x0000000084600000| Untracked 
|  71|0x0000000084700000, 0x0000000084800000, 0x0000000084800000|100%| O|  |TAMS 0x0000000084800000, 0x0000000084700000| Untracked 
|  72|0x0000000084800000, 0x0000000084900000, 0x0000000084900000|100%| O|  |TAMS 0x0000000084900000, 0x0000000084800000| Untracked 
|  73|0x0000000084900000, 0x0000000084a00000, 0x0000000084a00000|100%| O|  |TAMS 0x0000000084a00000, 0x0000000084900000| Untracked 
|  74|0x0000000084a00000, 0x0000000084b00000, 0x0000000084b00000|100%|HS|  |TAMS 0x0000000084b00000, 0x0000000084a00000| Complete 
|  75|0x0000000084b00000, 0x0000000084c00000, 0x0000000084c00000|100%|HS|  |TAMS 0x0000000084c00000, 0x0000000084b00000| Complete 
|  76|0x0000000084c00000, 0x0000000084d00000, 0x0000000084d00000|100%|HS|  |TAMS 0x0000000084d00000, 0x0000000084c00000| Complete 
|  77|0x0000000084d00000, 0x0000000084e00000, 0x0000000084e00000|100%|HS|  |TAMS 0x0000000084e00000, 0x0000000084d00000| Complete 
|  78|0x0000000084e00000, 0x0000000084f00000, 0x0000000084f00000|100%| O|  |TAMS 0x0000000084f00000, 0x0000000084e00000| Untracked 
|  79|0x0000000084f00000, 0x0000000085000000, 0x0000000085000000|100%|HS|  |TAMS 0x0000000085000000, 0x0000000084f00000| Complete 
|  80|0x0000000085000000, 0x0000000085100000, 0x0000000085100000|100%|HS|  |TAMS 0x0000000085100000, 0x0000000085000000| Complete 
|  81|0x0000000085100000, 0x0000000085200000, 0x0000000085200000|100%| O|  |TAMS 0x0000000085200000, 0x0000000085100000| Untracked 
|  82|0x0000000085200000, 0x0000000085300000, 0x0000000085300000|100%| O|  |TAMS 0x0000000085300000, 0x0000000085200000| Untracked 
|  83|0x0000000085300000, 0x0000000085400000, 0x0000000085400000|100%| O|  |TAMS 0x0000000085400000, 0x0000000085300000| Untracked 
|  84|0x0000000085400000, 0x0000000085500000, 0x0000000085500000|100%| O|  |TAMS 0x0000000085500000, 0x0000000085400000| Untracked 
|  85|0x0000000085500000, 0x0000000085600000, 0x0000000085600000|100%| O|  |TAMS 0x0000000085600000, 0x0000000085500000| Untracked 
|  86|0x0000000085600000, 0x0000000085700000, 0x0000000085700000|100%| O|  |TAMS 0x0000000085700000, 0x0000000085600000| Untracked 
|  87|0x0000000085700000, 0x0000000085800000, 0x0000000085800000|100%| O|  |TAMS 0x0000000085800000, 0x0000000085700000| Untracked 
|  88|0x0000000085800000, 0x0000000085900000, 0x0000000085900000|100%| O|  |TAMS 0x0000000085900000, 0x0000000085800000| Untracked 
|  89|0x0000000085900000, 0x0000000085a00000, 0x0000000085a00000|100%| O|  |TAMS 0x0000000085a00000, 0x0000000085900000| Untracked 
|  90|0x0000000085a00000, 0x0000000085b00000, 0x0000000085b00000|100%| O|  |TAMS 0x0000000085b00000, 0x0000000085a00000| Untracked 
|  91|0x0000000085b00000, 0x0000000085c00000, 0x0000000085c00000|100%| O|  |TAMS 0x0000000085c00000, 0x0000000085b00000| Untracked 
|  92|0x0000000085c00000, 0x0000000085d00000, 0x0000000085d00000|100%| O|  |TAMS 0x0000000085d00000, 0x0000000085c00000| Untracked 
|  93|0x0000000085d00000, 0x0000000085e00000, 0x0000000085e00000|100%|HS|  |TAMS 0x0000000085e00000, 0x0000000085d00000| Complete 
|  94|0x0000000085e00000, 0x0000000085f00000, 0x0000000085f00000|100%|HS|  |TAMS 0x0000000085f00000, 0x0000000085e00000| Complete 
|  95|0x0000000085f00000, 0x0000000086000000, 0x0000000086000000|100%|HC|  |TAMS 0x0000000086000000, 0x0000000085f00000| Complete 
|  96|0x0000000086000000, 0x0000000086100000, 0x0000000086100000|100%| O|  |TAMS 0x0000000086100000, 0x0000000086000000| Untracked 
|  97|0x0000000086100000, 0x0000000086200000, 0x0000000086200000|100%| O|  |TAMS 0x0000000086200000, 0x0000000086100000| Untracked 
|  98|0x0000000086200000, 0x0000000086300000, 0x0000000086300000|100%| O|  |TAMS 0x0000000086300000, 0x0000000086200000| Untracked 
|  99|0x0000000086300000, 0x0000000086400000, 0x0000000086400000|100%| O|  |TAMS 0x0000000086400000, 0x0000000086300000| Untracked 
| 100|0x0000000086400000, 0x0000000086500000, 0x0000000086500000|100%| O|  |TAMS 0x0000000086500000, 0x0000000086400000| Untracked 
| 101|0x0000000086500000, 0x0000000086600000, 0x0000000086600000|100%| O|  |TAMS 0x0000000086600000, 0x0000000086500000| Untracked 
| 102|0x0000000086600000, 0x0000000086700000, 0x0000000086700000|100%| O|  |TAMS 0x0000000086600000, 0x0000000086600000| Untracked 
| 103|0x0000000086700000, 0x0000000086800000, 0x0000000086800000|100%| O|  |TAMS 0x0000000086700000, 0x0000000086700000| Untracked 
| 104|0x0000000086800000, 0x0000000086900000, 0x0000000086900000|100%| O|  |TAMS 0x0000000086900000, 0x0000000086800000| Untracked 
| 105|0x0000000086900000, 0x0000000086a00000, 0x0000000086a00000|100%| O|  |TAMS 0x0000000086a00000, 0x0000000086900000| Untracked 
| 106|0x0000000086a00000, 0x0000000086b00000, 0x0000000086b00000|100%| O|  |TAMS 0x0000000086b00000, 0x0000000086a00000| Untracked 
| 107|0x0000000086b00000, 0x0000000086c00000, 0x0000000086c00000|100%| O|  |TAMS 0x0000000086c00000, 0x0000000086b00000| Untracked 
| 108|0x0000000086c00000, 0x0000000086d00000, 0x0000000086d00000|100%| O|  |TAMS 0x0000000086d00000, 0x0000000086c00000| Untracked 
| 109|0x0000000086d00000, 0x0000000086e00000, 0x0000000086e00000|100%| O|  |TAMS 0x0000000086e00000, 0x0000000086d00000| Untracked 
| 110|0x0000000086e00000, 0x0000000086f00000, 0x0000000086f00000|100%| O|  |TAMS 0x0000000086f00000, 0x0000000086e00000| Untracked 
| 111|0x0000000086f00000, 0x0000000087000000, 0x0000000087000000|100%| O|  |TAMS 0x0000000087000000, 0x0000000086f00000| Untracked 
| 112|0x0000000087000000, 0x0000000087100000, 0x0000000087100000|100%| O|  |TAMS 0x0000000087100000, 0x0000000087000000| Untracked 
| 113|0x0000000087100000, 0x0000000087200000, 0x0000000087200000|100%| O|  |TAMS 0x0000000087200000, 0x0000000087100000| Untracked 
| 114|0x0000000087200000, 0x0000000087300000, 0x0000000087300000|100%| O|  |TAMS 0x0000000087300000, 0x0000000087200000| Untracked 
| 115|0x0000000087300000, 0x0000000087400000, 0x0000000087400000|100%|HS|  |TAMS 0x0000000087400000, 0x0000000087300000| Complete 
| 116|0x0000000087400000, 0x0000000087500000, 0x0000000087500000|100%|HC|  |TAMS 0x0000000087500000, 0x0000000087400000| Complete 
| 117|0x0000000087500000, 0x0000000087600000, 0x0000000087600000|100%| O|  |TAMS 0x0000000087600000, 0x0000000087500000| Untracked 
| 118|0x0000000087600000, 0x0000000087700000, 0x0000000087700000|100%| O|  |TAMS 0x0000000087700000, 0x0000000087600000| Untracked 
| 119|0x0000000087700000, 0x0000000087800000, 0x0000000087800000|100%| O|  |TAMS 0x0000000087800000, 0x0000000087700000| Untracked 
| 120|0x0000000087800000, 0x0000000087900000, 0x0000000087900000|100%| O|  |TAMS 0x0000000087900000, 0x0000000087800000| Untracked 
| 121|0x0000000087900000, 0x0000000087a00000, 0x0000000087a00000|100%| O|  |TAMS 0x0000000087a00000, 0x0000000087900000| Untracked 
| 122|0x0000000087a00000, 0x0000000087b00000, 0x0000000087b00000|100%| O|  |TAMS 0x0000000087b00000, 0x0000000087a00000| Untracked 
| 123|0x0000000087b00000, 0x0000000087c00000, 0x0000000087c00000|100%| O|  |TAMS 0x0000000087c00000, 0x0000000087b00000| Untracked 
| 124|0x0000000087c00000, 0x0000000087d00000, 0x0000000087d00000|100%| O|  |TAMS 0x0000000087d00000, 0x0000000087c00000| Untracked 
| 125|0x0000000087d00000, 0x0000000087e00000, 0x0000000087e00000|100%| O|  |TAMS 0x0000000087e00000, 0x0000000087d00000| Untracked 
| 126|0x0000000087e00000, 0x0000000087f00000, 0x0000000087f00000|100%| O|  |TAMS 0x0000000087f00000, 0x0000000087e00000| Untracked 
| 127|0x0000000087f00000, 0x0000000088000000, 0x0000000088000000|100%| O|  |TAMS 0x0000000088000000, 0x0000000087f00000| Untracked 
| 128|0x0000000088000000, 0x0000000088100000, 0x0000000088100000|100%| O|  |TAMS 0x0000000088100000, 0x0000000088000000| Untracked 
| 129|0x0000000088100000, 0x0000000088200000, 0x0000000088200000|100%| O|  |TAMS 0x0000000088200000, 0x0000000088100000| Untracked 
| 130|0x0000000088200000, 0x0000000088300000, 0x0000000088300000|100%| O|  |TAMS 0x0000000088300000, 0x0000000088200000| Untracked 
| 131|0x0000000088300000, 0x0000000088400000, 0x0000000088400000|100%| O|  |TAMS 0x0000000088400000, 0x0000000088300000| Untracked 
| 132|0x0000000088400000, 0x0000000088500000, 0x0000000088500000|100%| O|  |TAMS 0x0000000088500000, 0x0000000088400000| Untracked 
| 133|0x0000000088500000, 0x0000000088600000, 0x0000000088600000|100%| O|  |TAMS 0x0000000088600000, 0x0000000088500000| Untracked 
| 134|0x0000000088600000, 0x0000000088700000, 0x0000000088700000|100%| O|  |TAMS 0x0000000088700000, 0x0000000088600000| Untracked 
| 135|0x0000000088700000, 0x0000000088700000, 0x0000000088800000|  0%| F|  |TAMS 0x0000000088700000, 0x0000000088700000| Untracked 
| 136|0x0000000088800000, 0x0000000088900000, 0x0000000088900000|100%| O|  |TAMS 0x0000000088900000, 0x0000000088800000| Untracked 
| 137|0x0000000088900000, 0x0000000088a00000, 0x0000000088a00000|100%| O|  |TAMS 0x0000000088a00000, 0x0000000088900000| Untracked 
| 138|0x0000000088a00000, 0x0000000088b00000, 0x0000000088b00000|100%| O|  |TAMS 0x0000000088b00000, 0x0000000088a00000| Untracked 
| 139|0x0000000088b00000, 0x0000000088c00000, 0x0000000088c00000|100%| O|  |TAMS 0x0000000088c00000, 0x0000000088b00000| Untracked 
| 140|0x0000000088c00000, 0x0000000088d00000, 0x0000000088d00000|100%| O|  |TAMS 0x0000000088d00000, 0x0000000088c00000| Untracked 
| 141|0x0000000088d00000, 0x0000000088e00000, 0x0000000088e00000|100%| O|  |TAMS 0x0000000088e00000, 0x0000000088d00000| Untracked 
| 142|0x0000000088e00000, 0x0000000088f00000, 0x0000000088f00000|100%| O|  |TAMS 0x0000000088f00000, 0x0000000088e00000| Untracked 
| 143|0x0000000088f00000, 0x0000000089000000, 0x0000000089000000|100%| O|  |TAMS 0x0000000089000000, 0x0000000088f00000| Untracked 
| 144|0x0000000089000000, 0x0000000089100000, 0x0000000089100000|100%| O|  |TAMS 0x0000000089100000, 0x0000000089000000| Untracked 
| 145|0x0000000089100000, 0x0000000089200000, 0x0000000089200000|100%| O|  |TAMS 0x0000000089100000, 0x0000000089100000| Untracked 
| 146|0x0000000089200000, 0x0000000089200000, 0x0000000089300000|  0%| F|  |TAMS 0x0000000089200000, 0x0000000089200000| Untracked 
| 147|0x0000000089300000, 0x0000000089400000, 0x0000000089400000|100%|HS|  |TAMS 0x0000000089400000, 0x0000000089300000| Complete 
| 148|0x0000000089400000, 0x0000000089500000, 0x0000000089500000|100%|HS|  |TAMS 0x0000000089500000, 0x0000000089400000| Complete 
| 149|0x0000000089500000, 0x0000000089600000, 0x0000000089600000|100%|HS|  |TAMS 0x0000000089600000, 0x0000000089500000| Complete 
| 150|0x0000000089600000, 0x0000000089700000, 0x0000000089700000|100%|HC|  |TAMS 0x0000000089700000, 0x0000000089600000| Complete 
| 151|0x0000000089700000, 0x0000000089800000, 0x0000000089800000|100%| O|  |TAMS 0x0000000089800000, 0x0000000089700000| Untracked 
| 152|0x0000000089800000, 0x0000000089900000, 0x0000000089900000|100%| O|  |TAMS 0x0000000089900000, 0x0000000089800000| Untracked 
| 153|0x0000000089900000, 0x0000000089a00000, 0x0000000089a00000|100%| O|  |TAMS 0x0000000089a00000, 0x0000000089900000| Untracked 
| 154|0x0000000089a00000, 0x0000000089b00000, 0x0000000089b00000|100%| O|  |TAMS 0x0000000089b00000, 0x0000000089a00000| Untracked 
| 155|0x0000000089b00000, 0x0000000089c00000, 0x0000000089c00000|100%| O|  |TAMS 0x0000000089c00000, 0x0000000089b00000| Untracked 
| 156|0x0000000089c00000, 0x0000000089d00000, 0x0000000089d00000|100%| O|  |TAMS 0x0000000089d00000, 0x0000000089c00000| Untracked 
| 157|0x0000000089d00000, 0x0000000089e00000, 0x0000000089e00000|100%| O|  |TAMS 0x0000000089e00000, 0x0000000089d00000| Untracked 
| 158|0x0000000089e00000, 0x0000000089f00000, 0x0000000089f00000|100%| O|  |TAMS 0x0000000089f00000, 0x0000000089e00000| Untracked 
| 159|0x0000000089f00000, 0x000000008a000000, 0x000000008a000000|100%| O|  |TAMS 0x000000008a000000, 0x0000000089f00000| Untracked 
| 160|0x000000008a000000, 0x000000008a100000, 0x000000008a100000|100%| O|  |TAMS 0x000000008a100000, 0x000000008a000000| Untracked 
| 161|0x000000008a100000, 0x000000008a200000, 0x000000008a200000|100%| O|  |TAMS 0x000000008a200000, 0x000000008a100000| Untracked 
| 162|0x000000008a200000, 0x000000008a300000, 0x000000008a300000|100%| O|  |TAMS 0x000000008a300000, 0x000000008a200000| Untracked 
| 163|0x000000008a300000, 0x000000008a400000, 0x000000008a400000|100%| O|  |TAMS 0x000000008a400000, 0x000000008a300000| Untracked 
| 164|0x000000008a400000, 0x000000008a500000, 0x000000008a500000|100%| O|  |TAMS 0x000000008a500000, 0x000000008a400000| Untracked 
| 165|0x000000008a500000, 0x000000008a600000, 0x000000008a600000|100%| O|  |TAMS 0x000000008a600000, 0x000000008a500000| Untracked 
| 166|0x000000008a600000, 0x000000008a700000, 0x000000008a700000|100%| O|  |TAMS 0x000000008a700000, 0x000000008a600000| Untracked 
| 167|0x000000008a700000, 0x000000008a800000, 0x000000008a800000|100%| O|  |TAMS 0x000000008a800000, 0x000000008a700000| Untracked 
| 168|0x000000008a800000, 0x000000008a900000, 0x000000008a900000|100%| O|  |TAMS 0x000000008a900000, 0x000000008a800000| Untracked 
| 169|0x000000008a900000, 0x000000008aa00000, 0x000000008aa00000|100%|HS|  |TAMS 0x000000008aa00000, 0x000000008a900000| Complete 
| 170|0x000000008aa00000, 0x000000008ab00000, 0x000000008ab00000|100%|HS|  |TAMS 0x000000008ab00000, 0x000000008aa00000| Complete 
| 171|0x000000008ab00000, 0x000000008ac00000, 0x000000008ac00000|100%|HS|  |TAMS 0x000000008ac00000, 0x000000008ab00000| Complete 
| 172|0x000000008ac00000, 0x000000008ad00000, 0x000000008ad00000|100%| O|  |TAMS 0x000000008ad00000, 0x000000008ac00000| Untracked 
| 173|0x000000008ad00000, 0x000000008ae00000, 0x000000008ae00000|100%| O|  |TAMS 0x000000008ae00000, 0x000000008ad00000| Untracked 
| 174|0x000000008ae00000, 0x000000008af00000, 0x000000008af00000|100%| O|  |TAMS 0x000000008af00000, 0x000000008ae00000| Untracked 
| 175|0x000000008af00000, 0x000000008b000000, 0x000000008b000000|100%| O|  |TAMS 0x000000008af00000, 0x000000008af00000| Untracked 
| 176|0x000000008b000000, 0x000000008b100000, 0x000000008b100000|100%| O|  |TAMS 0x000000008b100000, 0x000000008b000000| Untracked 
| 177|0x000000008b100000, 0x000000008b200000, 0x000000008b200000|100%| O|  |TAMS 0x000000008b200000, 0x000000008b100000| Untracked 
| 178|0x000000008b200000, 0x000000008b300000, 0x000000008b300000|100%| O|  |TAMS 0x000000008b300000, 0x000000008b200000| Untracked 
| 179|0x000000008b300000, 0x000000008b400000, 0x000000008b400000|100%| O|  |TAMS 0x000000008b400000, 0x000000008b300000| Untracked 
| 180|0x000000008b400000, 0x000000008b500000, 0x000000008b500000|100%| O|  |TAMS 0x000000008b500000, 0x000000008b400000| Untracked 
| 181|0x000000008b500000, 0x000000008b600000, 0x000000008b600000|100%| O|  |TAMS 0x000000008b600000, 0x000000008b500000| Untracked 
| 182|0x000000008b600000, 0x000000008b700000, 0x000000008b700000|100%| O|  |TAMS 0x000000008b700000, 0x000000008b600000| Untracked 
| 183|0x000000008b700000, 0x000000008b800000, 0x000000008b800000|100%| O|  |TAMS 0x000000008b800000, 0x000000008b700000| Untracked 
| 184|0x000000008b800000, 0x000000008b900000, 0x000000008b900000|100%|HS|  |TAMS 0x000000008b900000, 0x000000008b800000| Complete 
| 185|0x000000008b900000, 0x000000008ba00000, 0x000000008ba00000|100%| O|  |TAMS 0x000000008ba00000, 0x000000008b900000| Untracked 
| 186|0x000000008ba00000, 0x000000008bb00000, 0x000000008bb00000|100%| O|  |TAMS 0x000000008bb00000, 0x000000008ba00000| Untracked 
| 187|0x000000008bb00000, 0x000000008bc00000, 0x000000008bc00000|100%| O|  |TAMS 0x000000008bc00000, 0x000000008bb00000| Untracked 
| 188|0x000000008bc00000, 0x000000008bd00000, 0x000000008bd00000|100%| O|  |TAMS 0x000000008bd00000, 0x000000008bc00000| Untracked 
| 189|0x000000008bd00000, 0x000000008be00000, 0x000000008be00000|100%| O|  |TAMS 0x000000008be00000, 0x000000008bd00000| Untracked 
| 190|0x000000008be00000, 0x000000008bf00000, 0x000000008bf00000|100%| O|  |TAMS 0x000000008bf00000, 0x000000008be00000| Untracked 
| 191|0x000000008bf00000, 0x000000008c000000, 0x000000008c000000|100%| O|  |TAMS 0x000000008c000000, 0x000000008bf00000| Untracked 
| 192|0x000000008c000000, 0x000000008c100000, 0x000000008c100000|100%|HS|  |TAMS 0x000000008c100000, 0x000000008c000000| Complete 
| 193|0x000000008c100000, 0x000000008c200000, 0x000000008c200000|100%|HS|  |TAMS 0x000000008c200000, 0x000000008c100000| Complete 
| 194|0x000000008c200000, 0x000000008c300000, 0x000000008c300000|100%| O|  |TAMS 0x000000008c300000, 0x000000008c200000| Untracked 
| 195|0x000000008c300000, 0x000000008c400000, 0x000000008c400000|100%| O|  |TAMS 0x000000008c400000, 0x000000008c300000| Untracked 
| 196|0x000000008c400000, 0x000000008c500000, 0x000000008c500000|100%| O|  |TAMS 0x000000008c500000, 0x000000008c400000| Untracked 
| 197|0x000000008c500000, 0x000000008c600000, 0x000000008c600000|100%| O|  |TAMS 0x000000008c600000, 0x000000008c500000| Untracked 
| 198|0x000000008c600000, 0x000000008c700000, 0x000000008c700000|100%| O|  |TAMS 0x000000008c700000, 0x000000008c600000| Untracked 
| 199|0x000000008c700000, 0x000000008c800000, 0x000000008c800000|100%| O|  |TAMS 0x000000008c800000, 0x000000008c700000| Untracked 
| 200|0x000000008c800000, 0x000000008c900000, 0x000000008c900000|100%| O|  |TAMS 0x000000008c900000, 0x000000008c800000| Untracked 
| 201|0x000000008c900000, 0x000000008ca00000, 0x000000008ca00000|100%| O|  |TAMS 0x000000008ca00000, 0x000000008c900000| Untracked 
| 202|0x000000008ca00000, 0x000000008cb00000, 0x000000008cb00000|100%| O|  |TAMS 0x000000008cb00000, 0x000000008ca00000| Untracked 
| 203|0x000000008cb00000, 0x000000008cc00000, 0x000000008cc00000|100%| O|  |TAMS 0x000000008cc00000, 0x000000008cb00000| Untracked 
| 204|0x000000008cc00000, 0x000000008cd00000, 0x000000008cd00000|100%| O|  |TAMS 0x000000008cd00000, 0x000000008cc00000| Untracked 
| 205|0x000000008cd00000, 0x000000008ce00000, 0x000000008ce00000|100%| O|  |TAMS 0x000000008ce00000, 0x000000008cd00000| Untracked 
| 206|0x000000008ce00000, 0x000000008cf00000, 0x000000008cf00000|100%| O|  |TAMS 0x000000008cf00000, 0x000000008ce00000| Untracked 
| 207|0x000000008cf00000, 0x000000008d000000, 0x000000008d000000|100%| O|  |TAMS 0x000000008d000000, 0x000000008cf00000| Untracked 
| 208|0x000000008d000000, 0x000000008d100000, 0x000000008d100000|100%| O|  |TAMS 0x000000008d100000, 0x000000008d000000| Untracked 
| 209|0x000000008d100000, 0x000000008d200000, 0x000000008d200000|100%| O|  |TAMS 0x000000008d200000, 0x000000008d100000| Untracked 
| 210|0x000000008d200000, 0x000000008d300000, 0x000000008d300000|100%| O|  |TAMS 0x000000008d292e00, 0x000000008d200000| Untracked 
| 211|0x000000008d300000, 0x000000008d400000, 0x000000008d400000|100%| O|  |TAMS 0x000000008d300000, 0x000000008d300000| Untracked 
| 212|0x000000008d400000, 0x000000008d500000, 0x000000008d500000|100%| O|  |TAMS 0x000000008d400000, 0x000000008d400000| Untracked 
| 213|0x000000008d500000, 0x000000008d600000, 0x000000008d600000|100%| O|  |TAMS 0x000000008d500000, 0x000000008d500000| Untracked 
| 214|0x000000008d600000, 0x000000008d700000, 0x000000008d700000|100%| O|  |TAMS 0x000000008d600000, 0x000000008d600000| Untracked 
| 215|0x000000008d700000, 0x000000008d800000, 0x000000008d800000|100%| O|  |TAMS 0x000000008d700000, 0x000000008d700000| Untracked 
| 216|0x000000008d800000, 0x000000008d900000, 0x000000008d900000|100%| O|  |TAMS 0x000000008d800000, 0x000000008d800000| Untracked 
| 217|0x000000008d900000, 0x000000008da00000, 0x000000008da00000|100%| O|  |TAMS 0x000000008d900000, 0x000000008d900000| Untracked 
| 218|0x000000008da00000, 0x000000008db00000, 0x000000008db00000|100%| O|  |TAMS 0x000000008da00000, 0x000000008da00000| Untracked 
| 219|0x000000008db00000, 0x000000008dc00000, 0x000000008dc00000|100%| O|  |TAMS 0x000000008db00000, 0x000000008db00000| Untracked 
| 220|0x000000008dc00000, 0x000000008dd00000, 0x000000008dd00000|100%| O|  |TAMS 0x000000008dc00000, 0x000000008dc00000| Untracked 
| 221|0x000000008dd00000, 0x000000008de00000, 0x000000008de00000|100%| O|  |TAMS 0x000000008dd00000, 0x000000008dd00000| Untracked 
| 222|0x000000008de00000, 0x000000008df00000, 0x000000008df00000|100%| O|  |TAMS 0x000000008de00000, 0x000000008de00000| Untracked 
| 223|0x000000008df00000, 0x000000008e000000, 0x000000008e000000|100%| O|  |TAMS 0x000000008df00000, 0x000000008df00000| Untracked 
| 224|0x000000008e000000, 0x000000008e100000, 0x000000008e100000|100%| O|  |TAMS 0x000000008e000000, 0x000000008e000000| Untracked 
| 225|0x000000008e100000, 0x000000008e200000, 0x000000008e200000|100%| O|  |TAMS 0x000000008e100000, 0x000000008e100000| Untracked 
| 226|0x000000008e200000, 0x000000008e300000, 0x000000008e300000|100%| O|  |TAMS 0x000000008e200000, 0x000000008e200000| Untracked 
| 227|0x000000008e300000, 0x000000008e400000, 0x000000008e400000|100%| O|  |TAMS 0x000000008e300000, 0x000000008e300000| Untracked 
| 228|0x000000008e400000, 0x000000008e500000, 0x000000008e500000|100%| O|  |TAMS 0x000000008e400000, 0x000000008e400000| Untracked 
| 229|0x000000008e500000, 0x000000008e600000, 0x000000008e600000|100%| O|  |TAMS 0x000000008e500000, 0x000000008e500000| Untracked 
| 230|0x000000008e600000, 0x000000008e700000, 0x000000008e700000|100%| O|  |TAMS 0x000000008e600000, 0x000000008e600000| Untracked 
| 231|0x000000008e700000, 0x000000008e800000, 0x000000008e800000|100%| O|  |TAMS 0x000000008e700000, 0x000000008e700000| Untracked 
| 232|0x000000008e800000, 0x000000008e900000, 0x000000008e900000|100%| O|  |TAMS 0x000000008e800000, 0x000000008e800000| Untracked 
| 233|0x000000008e900000, 0x000000008e966800, 0x000000008ea00000| 40%| O|  |TAMS 0x000000008e900000, 0x000000008e900000| Untracked 
| 234|0x000000008ea00000, 0x000000008ea00000, 0x000000008eb00000|  0%| F|  |TAMS 0x000000008ea00000, 0x000000008ea00000| Untracked 
| 235|0x000000008eb00000, 0x000000008eb00000, 0x000000008ec00000|  0%| F|  |TAMS 0x000000008eb00000, 0x000000008eb00000| Untracked 
| 236|0x000000008ec00000, 0x000000008ec00000, 0x000000008ed00000|  0%| F|  |TAMS 0x000000008ec00000, 0x000000008ec00000| Untracked 
| 237|0x000000008ed00000, 0x000000008ed00000, 0x000000008ee00000|  0%| F|  |TAMS 0x000000008ed00000, 0x000000008ed00000| Untracked 
| 238|0x000000008ee00000, 0x000000008ee00000, 0x000000008ef00000|  0%| F|  |TAMS 0x000000008ee00000, 0x000000008ee00000| Untracked 
| 239|0x000000008ef00000, 0x000000008ef00000, 0x000000008f000000|  0%| F|  |TAMS 0x000000008ef00000, 0x000000008ef00000| Untracked 
| 240|0x000000008f000000, 0x000000008f000000, 0x000000008f100000|  0%| F|  |TAMS 0x000000008f000000, 0x000000008f000000| Untracked 
| 241|0x000000008f100000, 0x000000008f100000, 0x000000008f200000|  0%| F|  |TAMS 0x000000008f100000, 0x000000008f100000| Untracked 
| 242|0x000000008f200000, 0x000000008f200000, 0x000000008f300000|  0%| F|  |TAMS 0x000000008f200000, 0x000000008f200000| Untracked 
| 243|0x000000008f300000, 0x000000008f300000, 0x000000008f400000|  0%| F|  |TAMS 0x000000008f300000, 0x000000008f300000| Untracked 
| 244|0x000000008f400000, 0x000000008f400000, 0x000000008f500000|  0%| F|  |TAMS 0x000000008f400000, 0x000000008f400000| Untracked 
| 245|0x000000008f500000, 0x000000008f500000, 0x000000008f600000|  0%| F|  |TAMS 0x000000008f500000, 0x000000008f500000| Untracked 
| 246|0x000000008f600000, 0x000000008f600000, 0x000000008f700000|  0%| F|  |TAMS 0x000000008f600000, 0x000000008f600000| Untracked 
| 247|0x000000008f700000, 0x000000008f700000, 0x000000008f800000|  0%| F|  |TAMS 0x000000008f700000, 0x000000008f700000| Untracked 
| 248|0x000000008f800000, 0x000000008f800000, 0x000000008f900000|  0%| F|  |TAMS 0x000000008f800000, 0x000000008f800000| Untracked 
| 249|0x000000008f900000, 0x000000008f900000, 0x000000008fa00000|  0%| F|  |TAMS 0x000000008f900000, 0x000000008f900000| Untracked 
| 250|0x000000008fa00000, 0x000000008fa00000, 0x000000008fb00000|  0%| F|  |TAMS 0x000000008fa00000, 0x000000008fa00000| Untracked 
| 251|0x000000008fb00000, 0x000000008fb00000, 0x000000008fc00000|  0%| F|  |TAMS 0x000000008fb00000, 0x000000008fb00000| Untracked 
| 252|0x000000008fc00000, 0x000000008fc00000, 0x000000008fd00000|  0%| F|  |TAMS 0x000000008fc00000, 0x000000008fc00000| Untracked 
| 253|0x000000008fd00000, 0x000000008fd00000, 0x000000008fe00000|  0%| F|  |TAMS 0x000000008fd00000, 0x000000008fd00000| Untracked 
| 254|0x000000008fe00000, 0x000000008fe00000, 0x000000008ff00000|  0%| F|  |TAMS 0x000000008fe00000, 0x000000008fe00000| Untracked 
| 255|0x000000008ff00000, 0x000000008ff00000, 0x0000000090000000|  0%| F|  |TAMS 0x000000008ff00000, 0x000000008ff00000| Untracked 
| 256|0x0000000090000000, 0x0000000090000000, 0x0000000090100000|  0%| F|  |TAMS 0x0000000090000000, 0x0000000090000000| Untracked 
| 257|0x0000000090100000, 0x0000000090100000, 0x0000000090200000|  0%| F|  |TAMS 0x0000000090100000, 0x0000000090100000| Untracked 
| 258|0x0000000090200000, 0x0000000090200000, 0x0000000090300000|  0%| F|  |TAMS 0x0000000090200000, 0x0000000090200000| Untracked 
| 259|0x0000000090300000, 0x0000000090300000, 0x0000000090400000|  0%| F|  |TAMS 0x0000000090300000, 0x0000000090300000| Untracked 
| 260|0x0000000090400000, 0x0000000090400000, 0x0000000090500000|  0%| F|  |TAMS 0x0000000090400000, 0x0000000090400000| Untracked 
| 261|0x0000000090500000, 0x0000000090500000, 0x0000000090600000|  0%| F|  |TAMS 0x0000000090500000, 0x0000000090500000| Untracked 
| 262|0x0000000090600000, 0x0000000090600000, 0x0000000090700000|  0%| F|  |TAMS 0x0000000090600000, 0x0000000090600000| Untracked 
| 263|0x0000000090700000, 0x0000000090700000, 0x0000000090800000|  0%| F|  |TAMS 0x0000000090700000, 0x0000000090700000| Untracked 
| 264|0x0000000090800000, 0x0000000090800000, 0x0000000090900000|  0%| F|  |TAMS 0x0000000090800000, 0x0000000090800000| Untracked 
| 265|0x0000000090900000, 0x0000000090900000, 0x0000000090a00000|  0%| F|  |TAMS 0x0000000090900000, 0x0000000090900000| Untracked 
| 266|0x0000000090a00000, 0x0000000090a00000, 0x0000000090b00000|  0%| F|  |TAMS 0x0000000090a00000, 0x0000000090a00000| Untracked 
| 267|0x0000000090b00000, 0x0000000090b00000, 0x0000000090c00000|  0%| F|  |TAMS 0x0000000090b00000, 0x0000000090b00000| Untracked 
| 268|0x0000000090c00000, 0x0000000090c00000, 0x0000000090d00000|  0%| F|  |TAMS 0x0000000090c00000, 0x0000000090c00000| Untracked 
| 269|0x0000000090d00000, 0x0000000090d00000, 0x0000000090e00000|  0%| F|  |TAMS 0x0000000090d00000, 0x0000000090d00000| Untracked 
| 270|0x0000000090e00000, 0x0000000090e00000, 0x0000000090f00000|  0%| F|  |TAMS 0x0000000090e00000, 0x0000000090e00000| Untracked 
| 271|0x0000000090f00000, 0x0000000090f00000, 0x0000000091000000|  0%| F|  |TAMS 0x0000000090f00000, 0x0000000090f00000| Untracked 
| 272|0x0000000091000000, 0x0000000091000000, 0x0000000091100000|  0%| F|  |TAMS 0x0000000091000000, 0x0000000091000000| Untracked 
| 273|0x0000000091100000, 0x0000000091100000, 0x0000000091200000|  0%| F|  |TAMS 0x0000000091100000, 0x0000000091100000| Untracked 
| 274|0x0000000091200000, 0x0000000091200000, 0x0000000091300000|  0%| F|  |TAMS 0x0000000091200000, 0x0000000091200000| Untracked 
| 275|0x0000000091300000, 0x0000000091300000, 0x0000000091400000|  0%| F|  |TAMS 0x0000000091300000, 0x0000000091300000| Untracked 
| 276|0x0000000091400000, 0x0000000091400000, 0x0000000091500000|  0%| F|  |TAMS 0x0000000091400000, 0x0000000091400000| Untracked 
| 277|0x0000000091500000, 0x0000000091500000, 0x0000000091600000|  0%| F|  |TAMS 0x0000000091500000, 0x0000000091500000| Untracked 
| 278|0x0000000091600000, 0x0000000091600000, 0x0000000091700000|  0%| F|  |TAMS 0x0000000091600000, 0x0000000091600000| Untracked 
| 279|0x0000000091700000, 0x0000000091700000, 0x0000000091800000|  0%| F|  |TAMS 0x0000000091700000, 0x0000000091700000| Untracked 
| 280|0x0000000091800000, 0x0000000091800000, 0x0000000091900000|  0%| F|  |TAMS 0x0000000091800000, 0x0000000091800000| Untracked 
| 281|0x0000000091900000, 0x0000000091900000, 0x0000000091a00000|  0%| F|  |TAMS 0x0000000091900000, 0x0000000091900000| Untracked 
| 282|0x0000000091a00000, 0x0000000091a00000, 0x0000000091b00000|  0%| F|  |TAMS 0x0000000091a00000, 0x0000000091a00000| Untracked 
| 283|0x0000000091b00000, 0x0000000091b00000, 0x0000000091c00000|  0%| F|  |TAMS 0x0000000091b00000, 0x0000000091b00000| Untracked 
| 284|0x0000000091c00000, 0x0000000091c00000, 0x0000000091d00000|  0%| F|  |TAMS 0x0000000091c00000, 0x0000000091c00000| Untracked 
| 285|0x0000000091d00000, 0x0000000091d00000, 0x0000000091e00000|  0%| F|  |TAMS 0x0000000091d00000, 0x0000000091d00000| Untracked 
| 286|0x0000000091e00000, 0x0000000091e00000, 0x0000000091f00000|  0%| F|  |TAMS 0x0000000091e00000, 0x0000000091e00000| Untracked 
| 287|0x0000000091f00000, 0x0000000091f00000, 0x0000000092000000|  0%| F|  |TAMS 0x0000000091f00000, 0x0000000091f00000| Untracked 
| 288|0x0000000092000000, 0x0000000092000000, 0x0000000092100000|  0%| F|  |TAMS 0x0000000092000000, 0x0000000092000000| Untracked 
| 289|0x0000000092100000, 0x0000000092100000, 0x0000000092200000|  0%| F|  |TAMS 0x0000000092100000, 0x0000000092100000| Untracked 
| 290|0x0000000092200000, 0x0000000092200000, 0x0000000092300000|  0%| F|  |TAMS 0x0000000092200000, 0x0000000092200000| Untracked 
| 291|0x0000000092300000, 0x0000000092300000, 0x0000000092400000|  0%| F|  |TAMS 0x0000000092300000, 0x0000000092300000| Untracked 
| 292|0x0000000092400000, 0x000000009245f5c0, 0x0000000092500000| 37%| S|CS|TAMS 0x0000000092400000, 0x0000000092400000| Complete 
| 293|0x0000000092500000, 0x0000000092600000, 0x0000000092600000|100%| S|CS|TAMS 0x0000000092500000, 0x0000000092500000| Complete 
| 294|0x0000000092600000, 0x0000000092700000, 0x0000000092700000|100%| S|CS|TAMS 0x0000000092600000, 0x0000000092600000| Complete 
| 295|0x0000000092700000, 0x0000000092800000, 0x0000000092800000|100%| S|CS|TAMS 0x0000000092700000, 0x0000000092700000| Complete 
| 296|0x0000000092800000, 0x0000000092900000, 0x0000000092900000|100%| S|CS|TAMS 0x0000000092800000, 0x0000000092800000| Complete 
| 297|0x0000000092900000, 0x0000000092a00000, 0x0000000092a00000|100%| S|CS|TAMS 0x0000000092900000, 0x0000000092900000| Complete 
| 298|0x0000000092a00000, 0x0000000092b00000, 0x0000000092b00000|100%| S|CS|TAMS 0x0000000092a00000, 0x0000000092a00000| Complete 
| 299|0x0000000092b00000, 0x0000000092c00000, 0x0000000092c00000|100%| S|CS|TAMS 0x0000000092b00000, 0x0000000092b00000| Complete 
| 300|0x0000000092c00000, 0x0000000092d00000, 0x0000000092d00000|100%| S|CS|TAMS 0x0000000092c00000, 0x0000000092c00000| Complete 
| 301|0x0000000092d00000, 0x0000000092e00000, 0x0000000092e00000|100%| S|CS|TAMS 0x0000000092d00000, 0x0000000092d00000| Complete 
| 302|0x0000000092e00000, 0x0000000092f00000, 0x0000000092f00000|100%| S|CS|TAMS 0x0000000092e00000, 0x0000000092e00000| Complete 
| 303|0x0000000092f00000, 0x0000000093000000, 0x0000000093000000|100%| S|CS|TAMS 0x0000000092f00000, 0x0000000092f00000| Complete 
| 304|0x0000000093000000, 0x0000000093100000, 0x0000000093100000|100%| S|CS|TAMS 0x0000000093000000, 0x0000000093000000| Complete 
| 305|0x0000000093100000, 0x0000000093200000, 0x0000000093200000|100%| S|CS|TAMS 0x0000000093100000, 0x0000000093100000| Complete 
| 306|0x0000000093200000, 0x0000000093300000, 0x0000000093300000|100%| S|CS|TAMS 0x0000000093200000, 0x0000000093200000| Complete 
| 307|0x0000000093300000, 0x0000000093300000, 0x0000000093400000|  0%| F|  |TAMS 0x0000000093300000, 0x0000000093300000| Untracked 
| 308|0x0000000093400000, 0x0000000093400000, 0x0000000093500000|  0%| F|  |TAMS 0x0000000093400000, 0x0000000093400000| Untracked 
| 309|0x0000000093500000, 0x0000000093500000, 0x0000000093600000|  0%| F|  |TAMS 0x0000000093500000, 0x0000000093500000| Untracked 
| 310|0x0000000093600000, 0x0000000093600000, 0x0000000093700000|  0%| F|  |TAMS 0x0000000093600000, 0x0000000093600000| Untracked 
| 311|0x0000000093700000, 0x0000000093700000, 0x0000000093800000|  0%| F|  |TAMS 0x0000000093700000, 0x0000000093700000| Untracked 
| 312|0x0000000093800000, 0x0000000093800000, 0x0000000093900000|  0%| F|  |TAMS 0x0000000093800000, 0x0000000093800000| Untracked 
| 313|0x0000000093900000, 0x0000000093900000, 0x0000000093a00000|  0%| F|  |TAMS 0x0000000093900000, 0x0000000093900000| Untracked 
| 314|0x0000000093a00000, 0x0000000093a00000, 0x0000000093b00000|  0%| F|  |TAMS 0x0000000093a00000, 0x0000000093a00000| Untracked 
| 315|0x0000000093b00000, 0x0000000093b00000, 0x0000000093c00000|  0%| F|  |TAMS 0x0000000093b00000, 0x0000000093b00000| Untracked 
| 316|0x0000000093c00000, 0x0000000093c00000, 0x0000000093d00000|  0%| F|  |TAMS 0x0000000093c00000, 0x0000000093c00000| Untracked 
| 317|0x0000000093d00000, 0x0000000093d00000, 0x0000000093e00000|  0%| F|  |TAMS 0x0000000093d00000, 0x0000000093d00000| Untracked 
| 318|0x0000000093e00000, 0x0000000093e00000, 0x0000000093f00000|  0%| F|  |TAMS 0x0000000093e00000, 0x0000000093e00000| Untracked 
| 319|0x0000000093f00000, 0x0000000093f00000, 0x0000000094000000|  0%| F|  |TAMS 0x0000000093f00000, 0x0000000093f00000| Untracked 
| 320|0x0000000094000000, 0x0000000094000000, 0x0000000094100000|  0%| F|  |TAMS 0x0000000094000000, 0x0000000094000000| Untracked 
| 321|0x0000000094100000, 0x0000000094100000, 0x0000000094200000|  0%| F|  |TAMS 0x0000000094100000, 0x0000000094100000| Untracked 
| 322|0x0000000094200000, 0x0000000094200000, 0x0000000094300000|  0%| F|  |TAMS 0x0000000094200000, 0x0000000094200000| Untracked 
| 323|0x0000000094300000, 0x0000000094300000, 0x0000000094400000|  0%| F|  |TAMS 0x0000000094300000, 0x0000000094300000| Untracked 
| 324|0x0000000094400000, 0x0000000094400000, 0x0000000094500000|  0%| F|  |TAMS 0x0000000094400000, 0x0000000094400000| Untracked 
| 325|0x0000000094500000, 0x0000000094500000, 0x0000000094600000|  0%| F|  |TAMS 0x0000000094500000, 0x0000000094500000| Untracked 
| 326|0x0000000094600000, 0x0000000094600000, 0x0000000094700000|  0%| F|  |TAMS 0x0000000094600000, 0x0000000094600000| Untracked 
| 327|0x0000000094700000, 0x0000000094700000, 0x0000000094800000|  0%| F|  |TAMS 0x0000000094700000, 0x0000000094700000| Untracked 
| 328|0x0000000094800000, 0x0000000094800000, 0x0000000094900000|  0%| F|  |TAMS 0x0000000094800000, 0x0000000094800000| Untracked 
| 329|0x0000000094900000, 0x0000000094900000, 0x0000000094a00000|  0%| F|  |TAMS 0x0000000094900000, 0x0000000094900000| Untracked 
| 330|0x0000000094a00000, 0x0000000094a00000, 0x0000000094b00000|  0%| F|  |TAMS 0x0000000094a00000, 0x0000000094a00000| Untracked 
| 331|0x0000000094b00000, 0x0000000094b00000, 0x0000000094c00000|  0%| F|  |TAMS 0x0000000094b00000, 0x0000000094b00000| Untracked 
| 332|0x0000000094c00000, 0x0000000094c00000, 0x0000000094d00000|  0%| F|  |TAMS 0x0000000094c00000, 0x0000000094c00000| Untracked 
| 333|0x0000000094d00000, 0x0000000094d00000, 0x0000000094e00000|  0%| F|  |TAMS 0x0000000094d00000, 0x0000000094d00000| Untracked 
| 334|0x0000000094e00000, 0x0000000094e00000, 0x0000000094f00000|  0%| F|  |TAMS 0x0000000094e00000, 0x0000000094e00000| Untracked 
| 335|0x0000000094f00000, 0x0000000094f00000, 0x0000000095000000|  0%| F|  |TAMS 0x0000000094f00000, 0x0000000094f00000| Untracked 
| 336|0x0000000095000000, 0x0000000095000000, 0x0000000095100000|  0%| F|  |TAMS 0x0000000095000000, 0x0000000095000000| Untracked 
| 337|0x0000000095100000, 0x0000000095100000, 0x0000000095200000|  0%| F|  |TAMS 0x0000000095100000, 0x0000000095100000| Untracked 
| 338|0x0000000095200000, 0x0000000095200000, 0x0000000095300000|  0%| F|  |TAMS 0x0000000095200000, 0x0000000095200000| Untracked 
| 339|0x0000000095300000, 0x0000000095300000, 0x0000000095400000|  0%| F|  |TAMS 0x0000000095300000, 0x0000000095300000| Untracked 
| 340|0x0000000095400000, 0x0000000095400000, 0x0000000095500000|  0%| F|  |TAMS 0x0000000095400000, 0x0000000095400000| Untracked 
| 341|0x0000000095500000, 0x0000000095500000, 0x0000000095600000|  0%| F|  |TAMS 0x0000000095500000, 0x0000000095500000| Untracked 
| 342|0x0000000095600000, 0x0000000095600000, 0x0000000095700000|  0%| F|  |TAMS 0x0000000095600000, 0x0000000095600000| Untracked 
| 343|0x0000000095700000, 0x0000000095700000, 0x0000000095800000|  0%| F|  |TAMS 0x0000000095700000, 0x0000000095700000| Untracked 
| 344|0x0000000095800000, 0x0000000095800000, 0x0000000095900000|  0%| F|  |TAMS 0x0000000095800000, 0x0000000095800000| Untracked 
| 345|0x0000000095900000, 0x0000000095900000, 0x0000000095a00000|  0%| F|  |TAMS 0x0000000095900000, 0x0000000095900000| Untracked 
| 346|0x0000000095a00000, 0x0000000095a00000, 0x0000000095b00000|  0%| F|  |TAMS 0x0000000095a00000, 0x0000000095a00000| Untracked 
| 347|0x0000000095b00000, 0x0000000095b00000, 0x0000000095c00000|  0%| F|  |TAMS 0x0000000095b00000, 0x0000000095b00000| Untracked 
| 348|0x0000000095c00000, 0x0000000095c00000, 0x0000000095d00000|  0%| F|  |TAMS 0x0000000095c00000, 0x0000000095c00000| Untracked 
| 349|0x0000000095d00000, 0x0000000095d00000, 0x0000000095e00000|  0%| F|  |TAMS 0x0000000095d00000, 0x0000000095d00000| Untracked 
| 350|0x0000000095e00000, 0x0000000095e00000, 0x0000000095f00000|  0%| F|  |TAMS 0x0000000095e00000, 0x0000000095e00000| Untracked 
| 351|0x0000000095f00000, 0x0000000095f00000, 0x0000000096000000|  0%| F|  |TAMS 0x0000000095f00000, 0x0000000095f00000| Untracked 
| 352|0x0000000096000000, 0x0000000096000000, 0x0000000096100000|  0%| F|  |TAMS 0x0000000096000000, 0x0000000096000000| Untracked 
| 353|0x0000000096100000, 0x0000000096100000, 0x0000000096200000|  0%| F|  |TAMS 0x0000000096100000, 0x0000000096100000| Untracked 
| 354|0x0000000096200000, 0x0000000096200000, 0x0000000096300000|  0%| F|  |TAMS 0x0000000096200000, 0x0000000096200000| Untracked 
| 355|0x0000000096300000, 0x0000000096300000, 0x0000000096400000|  0%| F|  |TAMS 0x0000000096300000, 0x0000000096300000| Untracked 
| 356|0x0000000096400000, 0x0000000096400000, 0x0000000096500000|  0%| F|  |TAMS 0x0000000096400000, 0x0000000096400000| Untracked 
| 357|0x0000000096500000, 0x0000000096500000, 0x0000000096600000|  0%| F|  |TAMS 0x0000000096500000, 0x0000000096500000| Untracked 
| 358|0x0000000096600000, 0x0000000096600000, 0x0000000096700000|  0%| F|  |TAMS 0x0000000096600000, 0x0000000096600000| Untracked 
| 359|0x0000000096700000, 0x0000000096700000, 0x0000000096800000|  0%| F|  |TAMS 0x0000000096700000, 0x0000000096700000| Untracked 
| 360|0x0000000096800000, 0x0000000096800000, 0x0000000096900000|  0%| F|  |TAMS 0x0000000096800000, 0x0000000096800000| Untracked 
| 361|0x0000000096900000, 0x0000000096900000, 0x0000000096a00000|  0%| F|  |TAMS 0x0000000096900000, 0x0000000096900000| Untracked 
| 362|0x0000000096a00000, 0x0000000096a00000, 0x0000000096b00000|  0%| F|  |TAMS 0x0000000096a00000, 0x0000000096a00000| Untracked 
| 363|0x0000000096b00000, 0x0000000096b00000, 0x0000000096c00000|  0%| F|  |TAMS 0x0000000096b00000, 0x0000000096b00000| Untracked 
| 364|0x0000000096c00000, 0x0000000096c00000, 0x0000000096d00000|  0%| F|  |TAMS 0x0000000096c00000, 0x0000000096c00000| Untracked 
| 365|0x0000000096d00000, 0x0000000096d00000, 0x0000000096e00000|  0%| F|  |TAMS 0x0000000096d00000, 0x0000000096d00000| Untracked 
| 366|0x0000000096e00000, 0x0000000096e00000, 0x0000000096f00000|  0%| F|  |TAMS 0x0000000096e00000, 0x0000000096e00000| Untracked 
| 367|0x0000000096f00000, 0x0000000096f00000, 0x0000000097000000|  0%| F|  |TAMS 0x0000000096f00000, 0x0000000096f00000| Untracked 
| 368|0x0000000097000000, 0x0000000097000000, 0x0000000097100000|  0%| F|  |TAMS 0x0000000097000000, 0x0000000097000000| Untracked 
| 369|0x0000000097100000, 0x0000000097100000, 0x0000000097200000|  0%| F|  |TAMS 0x0000000097100000, 0x0000000097100000| Untracked 
| 370|0x0000000097200000, 0x0000000097200000, 0x0000000097300000|  0%| F|  |TAMS 0x0000000097200000, 0x0000000097200000| Untracked 
| 371|0x0000000097300000, 0x0000000097300000, 0x0000000097400000|  0%| F|  |TAMS 0x0000000097300000, 0x0000000097300000| Untracked 
| 372|0x0000000097400000, 0x0000000097400000, 0x0000000097500000|  0%| F|  |TAMS 0x0000000097400000, 0x0000000097400000| Untracked 
| 373|0x0000000097500000, 0x0000000097500000, 0x0000000097600000|  0%| F|  |TAMS 0x0000000097500000, 0x0000000097500000| Untracked 
| 374|0x0000000097600000, 0x0000000097600000, 0x0000000097700000|  0%| F|  |TAMS 0x0000000097600000, 0x0000000097600000| Untracked 
| 375|0x0000000097700000, 0x0000000097700000, 0x0000000097800000|  0%| F|  |TAMS 0x0000000097700000, 0x0000000097700000| Untracked 
| 376|0x0000000097800000, 0x0000000097800000, 0x0000000097900000|  0%| F|  |TAMS 0x0000000097800000, 0x0000000097800000| Untracked 
| 377|0x0000000097900000, 0x0000000097900000, 0x0000000097a00000|  0%| F|  |TAMS 0x0000000097900000, 0x0000000097900000| Untracked 
| 378|0x0000000097a00000, 0x0000000097a00000, 0x0000000097b00000|  0%| F|  |TAMS 0x0000000097a00000, 0x0000000097a00000| Untracked 
| 379|0x0000000097b00000, 0x0000000097b00000, 0x0000000097c00000|  0%| F|  |TAMS 0x0000000097b00000, 0x0000000097b00000| Untracked 
| 380|0x0000000097c00000, 0x0000000097c00000, 0x0000000097d00000|  0%| F|  |TAMS 0x0000000097c00000, 0x0000000097c00000| Untracked 
| 381|0x0000000097d00000, 0x0000000097d00000, 0x0000000097e00000|  0%| F|  |TAMS 0x0000000097d00000, 0x0000000097d00000| Untracked 
| 382|0x0000000097e00000, 0x0000000097e00000, 0x0000000097f00000|  0%| F|  |TAMS 0x0000000097e00000, 0x0000000097e00000| Untracked 
| 383|0x0000000097f00000, 0x0000000097f00000, 0x0000000098000000|  0%| F|  |TAMS 0x0000000097f00000, 0x0000000097f00000| Untracked 
| 384|0x0000000098000000, 0x0000000098000000, 0x0000000098100000|  0%| F|  |TAMS 0x0000000098000000, 0x0000000098000000| Untracked 
| 385|0x0000000098100000, 0x0000000098100000, 0x0000000098200000|  0%| F|  |TAMS 0x0000000098100000, 0x0000000098100000| Untracked 
| 386|0x0000000098200000, 0x0000000098200000, 0x0000000098300000|  0%| F|  |TAMS 0x0000000098200000, 0x0000000098200000| Untracked 
| 387|0x0000000098300000, 0x0000000098300000, 0x0000000098400000|  0%| F|  |TAMS 0x0000000098300000, 0x0000000098300000| Untracked 
| 388|0x0000000098400000, 0x0000000098400000, 0x0000000098500000|  0%| F|  |TAMS 0x0000000098400000, 0x0000000098400000| Untracked 
| 389|0x0000000098500000, 0x0000000098500000, 0x0000000098600000|  0%| F|  |TAMS 0x0000000098500000, 0x0000000098500000| Untracked 
| 390|0x0000000098600000, 0x0000000098600000, 0x0000000098700000|  0%| F|  |TAMS 0x0000000098600000, 0x0000000098600000| Untracked 
| 391|0x0000000098700000, 0x0000000098700000, 0x0000000098800000|  0%| F|  |TAMS 0x0000000098700000, 0x0000000098700000| Untracked 
| 392|0x0000000098800000, 0x0000000098800000, 0x0000000098900000|  0%| F|  |TAMS 0x0000000098800000, 0x0000000098800000| Untracked 
| 393|0x0000000098900000, 0x0000000098900000, 0x0000000098a00000|  0%| F|  |TAMS 0x0000000098900000, 0x0000000098900000| Untracked 
| 394|0x0000000098a00000, 0x0000000098a00000, 0x0000000098b00000|  0%| F|  |TAMS 0x0000000098a00000, 0x0000000098a00000| Untracked 
| 395|0x0000000098b00000, 0x0000000098b00000, 0x0000000098c00000|  0%| F|  |TAMS 0x0000000098b00000, 0x0000000098b00000| Untracked 
| 396|0x0000000098c00000, 0x0000000098c00000, 0x0000000098d00000|  0%| F|  |TAMS 0x0000000098c00000, 0x0000000098c00000| Untracked 
| 397|0x0000000098d00000, 0x0000000098d00000, 0x0000000098e00000|  0%| F|  |TAMS 0x0000000098d00000, 0x0000000098d00000| Untracked 
| 398|0x0000000098e00000, 0x0000000098e00000, 0x0000000098f00000|  0%| F|  |TAMS 0x0000000098e00000, 0x0000000098e00000| Untracked 
| 399|0x0000000098f00000, 0x0000000098f00000, 0x0000000099000000|  0%| F|  |TAMS 0x0000000098f00000, 0x0000000098f00000| Untracked 
| 400|0x0000000099000000, 0x0000000099000000, 0x0000000099100000|  0%| F|  |TAMS 0x0000000099000000, 0x0000000099000000| Untracked 
| 401|0x0000000099100000, 0x0000000099100000, 0x0000000099200000|  0%| F|  |TAMS 0x0000000099100000, 0x0000000099100000| Untracked 
| 402|0x0000000099200000, 0x0000000099200000, 0x0000000099300000|  0%| F|  |TAMS 0x0000000099200000, 0x0000000099200000| Untracked 
| 403|0x0000000099300000, 0x0000000099300000, 0x0000000099400000|  0%| F|  |TAMS 0x0000000099300000, 0x0000000099300000| Untracked 
| 404|0x0000000099400000, 0x0000000099400000, 0x0000000099500000|  0%| F|  |TAMS 0x0000000099400000, 0x0000000099400000| Untracked 
| 405|0x0000000099500000, 0x0000000099500000, 0x0000000099600000|  0%| F|  |TAMS 0x0000000099500000, 0x0000000099500000| Untracked 
| 406|0x0000000099600000, 0x0000000099600000, 0x0000000099700000|  0%| F|  |TAMS 0x0000000099600000, 0x0000000099600000| Untracked 
| 407|0x0000000099700000, 0x0000000099700000, 0x0000000099800000|  0%| F|  |TAMS 0x0000000099700000, 0x0000000099700000| Untracked 
| 408|0x0000000099800000, 0x0000000099800000, 0x0000000099900000|  0%| F|  |TAMS 0x0000000099800000, 0x0000000099800000| Untracked 
| 409|0x0000000099900000, 0x0000000099900000, 0x0000000099a00000|  0%| F|  |TAMS 0x0000000099900000, 0x0000000099900000| Untracked 
| 410|0x0000000099a00000, 0x0000000099a00000, 0x0000000099b00000|  0%| F|  |TAMS 0x0000000099a00000, 0x0000000099a00000| Untracked 
| 411|0x0000000099b00000, 0x0000000099b00000, 0x0000000099c00000|  0%| F|  |TAMS 0x0000000099b00000, 0x0000000099b00000| Untracked 
| 412|0x0000000099c00000, 0x0000000099c00000, 0x0000000099d00000|  0%| F|  |TAMS 0x0000000099c00000, 0x0000000099c00000| Untracked 
| 413|0x0000000099d00000, 0x0000000099d00000, 0x0000000099e00000|  0%| F|  |TAMS 0x0000000099d00000, 0x0000000099d00000| Untracked 
| 414|0x0000000099e00000, 0x0000000099e00000, 0x0000000099f00000|  0%| F|  |TAMS 0x0000000099e00000, 0x0000000099e00000| Untracked 
| 415|0x0000000099f00000, 0x0000000099f00000, 0x000000009a000000|  0%| F|  |TAMS 0x0000000099f00000, 0x0000000099f00000| Untracked 
| 416|0x000000009a000000, 0x000000009a000000, 0x000000009a100000|  0%| F|  |TAMS 0x000000009a000000, 0x000000009a000000| Untracked 
| 417|0x000000009a100000, 0x000000009a100000, 0x000000009a200000|  0%| F|  |TAMS 0x000000009a100000, 0x000000009a100000| Untracked 
| 418|0x000000009a200000, 0x000000009a200000, 0x000000009a300000|  0%| F|  |TAMS 0x000000009a200000, 0x000000009a200000| Untracked 
| 419|0x000000009a300000, 0x000000009a300000, 0x000000009a400000|  0%| F|  |TAMS 0x000000009a300000, 0x000000009a300000| Untracked 
| 420|0x000000009a400000, 0x000000009a400000, 0x000000009a500000|  0%| F|  |TAMS 0x000000009a400000, 0x000000009a400000| Untracked 
| 421|0x000000009a500000, 0x000000009a500000, 0x000000009a600000|  0%| F|  |TAMS 0x000000009a500000, 0x000000009a500000| Untracked 
| 422|0x000000009a600000, 0x000000009a600000, 0x000000009a700000|  0%| F|  |TAMS 0x000000009a600000, 0x000000009a600000| Untracked 
| 423|0x000000009a700000, 0x000000009a700000, 0x000000009a800000|  0%| F|  |TAMS 0x000000009a700000, 0x000000009a700000| Untracked 
| 424|0x000000009a800000, 0x000000009a800000, 0x000000009a900000|  0%| F|  |TAMS 0x000000009a800000, 0x000000009a800000| Untracked 
| 425|0x000000009a900000, 0x000000009a900000, 0x000000009aa00000|  0%| F|  |TAMS 0x000000009a900000, 0x000000009a900000| Untracked 
| 426|0x000000009aa00000, 0x000000009aa00000, 0x000000009ab00000|  0%| F|  |TAMS 0x000000009aa00000, 0x000000009aa00000| Untracked 
| 427|0x000000009ab00000, 0x000000009ab00000, 0x000000009ac00000|  0%| F|  |TAMS 0x000000009ab00000, 0x000000009ab00000| Untracked 
| 428|0x000000009ac00000, 0x000000009ac00000, 0x000000009ad00000|  0%| F|  |TAMS 0x000000009ac00000, 0x000000009ac00000| Untracked 
| 429|0x000000009ad00000, 0x000000009ad00000, 0x000000009ae00000|  0%| F|  |TAMS 0x000000009ad00000, 0x000000009ad00000| Untracked 
| 430|0x000000009ae00000, 0x000000009ae00000, 0x000000009af00000|  0%| F|  |TAMS 0x000000009ae00000, 0x000000009ae00000| Untracked 
| 431|0x000000009af00000, 0x000000009af00000, 0x000000009b000000|  0%| F|  |TAMS 0x000000009af00000, 0x000000009af00000| Untracked 
| 432|0x000000009b000000, 0x000000009b000000, 0x000000009b100000|  0%| F|  |TAMS 0x000000009b000000, 0x000000009b000000| Untracked 
| 433|0x000000009b100000, 0x000000009b100000, 0x000000009b200000|  0%| F|  |TAMS 0x000000009b100000, 0x000000009b100000| Untracked 
| 434|0x000000009b200000, 0x000000009b200000, 0x000000009b300000|  0%| F|  |TAMS 0x000000009b200000, 0x000000009b200000| Untracked 
| 435|0x000000009b300000, 0x000000009b300000, 0x000000009b400000|  0%| F|  |TAMS 0x000000009b300000, 0x000000009b300000| Untracked 
| 436|0x000000009b400000, 0x000000009b400000, 0x000000009b500000|  0%| F|  |TAMS 0x000000009b400000, 0x000000009b400000| Untracked 

Card table byte_map: [0x000001b8f03e0000,0x000001b8f07e0000] _byte_map_base: 0x000001b8effe0000

Marking Bits (Prev, Next): (CMBitMap*) 0x000001b8d979a7a0, (CMBitMap*) 0x000001b8d979a7e0
 Prev Bits: [0x000001b8f0be0000, 0x000001b8f2be0000)
 Next Bits: [0x000001b8f2be0000, 0x000001b8f4be0000)

Polling page: 0x000001b8d7610000

Metaspace:

Usage:
  Non-class:     90.88 MB used.
      Class:     14.81 MB used.
       Both:    105.69 MB used.

Virtual space:
  Non-class space:      128.00 MB reserved,      91.69 MB ( 72%) committed,  2 nodes.
      Class space:      416.00 MB reserved,      15.50 MB (  4%) committed,  1 nodes.
             Both:      544.00 MB reserved,     107.19 MB ( 20%) committed. 

Chunk freelists:
   Non-Class:  3.90 MB
       Class:  408.00 KB
        Both:  4.30 MB

MaxMetaspaceSize: 512.00 MB
CompressedClassSpaceSize: 416.00 MB
Initial GC threshold: 21.00 MB
Current GC threshold: 177.31 MB
CDS: on
MetaspaceReclaimPolicy: balanced
 - commit_granule_bytes: 65536.
 - commit_granule_words: 8192.
 - virtual_space_node_default_size: 8388608.
 - enlarge_chunks_in_place: 1.
 - new_chunks_are_fully_committed: 0.
 - uncommit_free_chunks: 1.
 - use_allocation_guard: 0.
 - handle_deallocations: 1.


Internal statistics:

num_allocs_failed_limit: 12.
num_arena_births: 1836.
num_arena_deaths: 0.
num_vsnodes_births: 3.
num_vsnodes_deaths: 0.
num_space_committed: 1715.
num_space_uncommitted: 0.
num_chunks_returned_to_freelist: 12.
num_chunks_taken_from_freelist: 6985.
num_chunk_merges: 12.
num_chunk_splits: 4370.
num_chunks_enlarged: 2604.
num_inconsistent_stats: 0.

CodeHeap 'non-profiled nmethods': size=120000Kb used=11354Kb max_used=11354Kb free=108645Kb
 bounds [0x000001b8e8ab0000, 0x000001b8e95d0000, 0x000001b8effe0000]
CodeHeap 'profiled nmethods': size=120000Kb used=28121Kb max_used=28121Kb free=91878Kb
 bounds [0x000001b8e0fe0000, 0x000001b8e2b60000, 0x000001b8e8510000]
CodeHeap 'non-nmethods': size=5760Kb used=2444Kb max_used=2597Kb free=3315Kb
 bounds [0x000001b8e8510000, 0x000001b8e87b0000, 0x000001b8e8ab0000]
 total_blobs=14944 nmethods=13961 adapters=894
 compilation: enabled
              stopped_count=0, restarted_count=0
 full_count=0

Compilation events (20 events):
Event: 71.862 Thread 0x000001b8f70da6a0 nmethod 16382 0x000001b8e2b52710 code [0x000001b8e2b528e0, 0x000001b8e2b52cb8]
Event: 71.862 Thread 0x000001b8f70da6a0 16383       3       org.gradle.api.internal.artifacts.transform.ConsumerProvidedVariantFinder$TransformCache$$Lambda$899/0x000001b881612140::<init> (10 bytes)
Event: 71.862 Thread 0x000001b8f70da6a0 nmethod 16383 0x000001b8e2b52e10 code [0x000001b8e2b52fa0, 0x000001b8e2b53158]
Event: 71.863 Thread 0x000001b89c1cb2a0 16385   !   4       org.gradle.api.internal.artifacts.transform.AttributeMatchingArtifactVariantSelector::select (38 bytes)
Event: 71.911 Thread 0x000001b8f70d2030 nmethod 16348 0x000001b8e95c0e90 code [0x000001b8e95c12c0, 0x000001b8e95c42b0]
Event: 71.911 Thread 0x000001b8f70d2030 16389       4       org.gradle.internal.snapshot.RegularFileSnapshot::<init> (25 bytes)
Event: 71.919 Thread 0x000001b8f70d2030 nmethod 16389 0x000001b8e95c6310 code [0x000001b8e95c6480, 0x000001b8e95c6a18]
Event: 71.919 Thread 0x000001b8f70d2030 16387   !   4       org.gradle.api.internal.artifacts.ivyservice.resolveengine.artifact.VariantResolvingArtifactSet::select (153 bytes)
Event: 71.962 Thread 0x000001b8f70da6a0 16392       3       com.google.common.cache.LocalCache$Segment::loadSync (19 bytes)
Event: 71.962 Thread 0x000001b8f70da6a0 nmethod 16392 0x000001b8e2b53210 code [0x000001b8e2b533c0, 0x000001b8e2b535f8]
Event: 71.963 Thread 0x000001b8f70da6a0 16393   !   3       java.nio.file.Files::readAllLines (76 bytes)
Event: 71.964 Thread 0x000001b8f70da6a0 nmethod 16393 0x000001b8e2b53710 code [0x000001b8e2b53980, 0x000001b8e2b54558]
Event: 72.013 Thread 0x000001b8f70da6a0 16394       2       org.gradle.internal.watch.vfs.impl.WatchingVirtualFileSystem$$Lambda$560/0x000001b88149ee00::<init> (15 bytes)
Event: 72.013 Thread 0x000001b8f70da6a0 nmethod 16394 0x000001b8e2b54a90 code [0x000001b8e2b54c20, 0x000001b8e2b54dd8]
Event: 72.013 Thread 0x000001b8f70da6a0 16395   !   2       org.gradle.internal.watch.vfs.impl.WatchingVirtualFileSystem::withWatcherChangeErrorHandling (24 bytes)
Event: 72.014 Thread 0x000001b8f70da6a0 nmethod 16395 0x000001b8e2b54e90 code [0x000001b8e2b55060, 0x000001b8e2b552b8]
Event: 72.090 Thread 0x000001b8f70da6a0 16396       2       org.gradle.internal.vfs.impl.VersionHierarchy$1::<init> (15 bytes)
Event: 72.090 Thread 0x000001b8f70da6a0 nmethod 16396 0x000001b8e2b55410 code [0x000001b8e2b555a0, 0x000001b8e2b55758]
Event: 72.212 Thread 0x000001b8f70da6a0 16397       3       java.util.concurrent.ScheduledThreadPoolExecutor::canRunInCurrentRunState (61 bytes)
Event: 72.213 Thread 0x000001b8f70da6a0 nmethod 16397 0x000001b8e2b55810 code [0x000001b8e2b55a20, 0x000001b8e2b56228]

GC Heap History (20 events):
Event: 62.332 GC heap after
{Heap after GC invocations=47 (full 0):
 garbage-first heap   total 331776K, used 197798K [0x0000000080000000, 0x0000000100000000)
  region size 1024K, 6 young (6144K), 6 survivors (6144K)
 Metaspace       used 102139K, committed 103424K, reserved 557056K
  class space    used 14243K, committed 14848K, reserved 425984K
}
Event: 62.887 GC heap before
{Heap before GC invocations=47 (full 0):
 garbage-first heap   total 331776K, used 270502K [0x0000000080000000, 0x0000000100000000)
  region size 1024K, 78 young (79872K), 6 survivors (6144K)
 Metaspace       used 102200K, committed 103488K, reserved 557056K
  class space    used 14252K, committed 14848K, reserved 425984K
}
Event: 62.897 GC heap after
{Heap after GC invocations=48 (full 0):
 garbage-first heap   total 331776K, used 201160K [0x0000000080000000, 0x0000000100000000)
  region size 1024K, 5 young (5120K), 5 survivors (5120K)
 Metaspace       used 102200K, committed 103488K, reserved 557056K
  class space    used 14252K, committed 14848K, reserved 425984K
}
Event: 63.761 GC heap before
{Heap before GC invocations=48 (full 0):
 garbage-first heap   total 331776K, used 276936K [0x0000000080000000, 0x0000000100000000)
  region size 1024K, 77 young (78848K), 5 survivors (5120K)
 Metaspace       used 102647K, committed 104064K, reserved 557056K
  class space    used 14334K, committed 14976K, reserved 425984K
}
Event: 63.771 GC heap after
{Heap after GC invocations=49 (full 0):
 garbage-first heap   total 331776K, used 208660K [0x0000000080000000, 0x0000000100000000)
  region size 1024K, 10 young (10240K), 10 survivors (10240K)
 Metaspace       used 102647K, committed 104064K, reserved 557056K
  class space    used 14334K, committed 14976K, reserved 425984K
}
Event: 64.117 GC heap before
{Heap before GC invocations=49 (full 0):
 garbage-first heap   total 331776K, used 224020K [0x0000000080000000, 0x0000000100000000)
  region size 1024K, 26 young (26624K), 10 survivors (10240K)
 Metaspace       used 103106K, committed 104448K, reserved 557056K
  class space    used 14402K, committed 15040K, reserved 425984K
}
Event: 64.130 GC heap after
{Heap after GC invocations=50 (full 0):
 garbage-first heap   total 331776K, used 211788K [0x0000000080000000, 0x0000000100000000)
  region size 1024K, 3 young (3072K), 3 survivors (3072K)
 Metaspace       used 103106K, committed 104448K, reserved 557056K
  class space    used 14402K, committed 15040K, reserved 425984K
}
Event: 65.307 GC heap before
{Heap before GC invocations=51 (full 0):
 garbage-first heap   total 384000K, used 269132K [0x0000000080000000, 0x0000000100000000)
  region size 1024K, 59 young (60416K), 3 survivors (3072K)
 Metaspace       used 105423K, committed 106816K, reserved 557056K
  class space    used 14791K, committed 15424K, reserved 425984K
}
Event: 65.324 GC heap after
{Heap after GC invocations=52 (full 0):
 garbage-first heap   total 384000K, used 214710K [0x0000000080000000, 0x0000000100000000)
  region size 1024K, 6 young (6144K), 6 survivors (6144K)
 Metaspace       used 105423K, committed 106816K, reserved 557056K
  class space    used 14791K, committed 15424K, reserved 425984K
}
Event: 65.527 GC heap before
{Heap before GC invocations=52 (full 0):
 garbage-first heap   total 384000K, used 225974K [0x0000000080000000, 0x0000000100000000)
  region size 1024K, 18 young (18432K), 6 survivors (6144K)
 Metaspace       used 105979K, committed 107328K, reserved 557056K
  class space    used 14865K, committed 15488K, reserved 425984K
}
Event: 65.544 GC heap after
{Heap after GC invocations=53 (full 0):
 garbage-first heap   total 384000K, used 211012K [0x0000000080000000, 0x0000000100000000)
  region size 1024K, 2 young (2048K), 2 survivors (2048K)
 Metaspace       used 105979K, committed 107328K, reserved 557056K
  class space    used 14865K, committed 15488K, reserved 425984K
}
Event: 66.895 GC heap before
{Heap before GC invocations=53 (full 0):
 garbage-first heap   total 384000K, used 313412K [0x0000000080000000, 0x0000000100000000)
  region size 1024K, 102 young (104448K), 2 survivors (2048K)
 Metaspace       used 107365K, committed 108864K, reserved 557056K
  class space    used 15050K, committed 15744K, reserved 425984K
}
Event: 66.916 GC heap after
{Heap after GC invocations=54 (full 0):
 garbage-first heap   total 384000K, used 226574K [0x0000000080000000, 0x0000000100000000)
  region size 1024K, 13 young (13312K), 13 survivors (13312K)
 Metaspace       used 107365K, committed 108864K, reserved 557056K
  class space    used 15050K, committed 15744K, reserved 425984K
}
Event: 67.675 GC heap before
{Heap before GC invocations=54 (full 0):
 garbage-first heap   total 447488K, used 307470K [0x0000000080000000, 0x0000000100000000)
  region size 1024K, 93 young (95232K), 13 survivors (13312K)
 Metaspace       used 107435K, committed 108928K, reserved 557056K
  class space    used 15058K, committed 15744K, reserved 425984K
}
Event: 67.701 GC heap after
{Heap after GC invocations=55 (full 0):
 garbage-first heap   total 447488K, used 233207K [0x0000000080000000, 0x0000000100000000)
  region size 1024K, 6 young (6144K), 6 survivors (6144K)
 Metaspace       used 107435K, committed 108928K, reserved 557056K
  class space    used 15058K, committed 15744K, reserved 425984K
}
Event: 69.166 GC heap before
{Heap before GC invocations=56 (full 0):
 garbage-first heap   total 447488K, used 364279K [0x0000000080000000, 0x0000000100000000)
  region size 1024K, 134 young (137216K), 6 survivors (6144K)
 Metaspace       used 107748K, committed 109248K, reserved 557056K
  class space    used 15096K, committed 15808K, reserved 425984K
}
Event: 69.191 GC heap after
{Heap after GC invocations=57 (full 0):
 garbage-first heap   total 447488K, used 238961K [0x0000000080000000, 0x0000000100000000)
  region size 1024K, 12 young (12288K), 12 survivors (12288K)
 Metaspace       used 107748K, committed 109248K, reserved 557056K
  class space    used 15096K, committed 15808K, reserved 425984K
}
Event: 69.259 GC heap before
{Heap before GC invocations=57 (full 0):
 garbage-first heap   total 447488K, used 247153K [0x0000000080000000, 0x0000000100000000)
  region size 1024K, 21 young (21504K), 12 survivors (12288K)
 Metaspace       used 107748K, committed 109248K, reserved 557056K
  class space    used 15096K, committed 15808K, reserved 425984K
}
Event: 69.280 GC heap after
{Heap after GC invocations=58 (full 0):
 garbage-first heap   total 447488K, used 236922K [0x0000000080000000, 0x0000000100000000)
  region size 1024K, 3 young (3072K), 3 survivors (3072K)
 Metaspace       used 107748K, committed 109248K, reserved 557056K
  class space    used 15096K, committed 15808K, reserved 425984K
}
Event: 72.292 GC heap before
{Heap before GC invocations=58 (full 0):
 garbage-first heap   total 447488K, used 366970K [0x0000000080000000, 0x0000000100000000)
  region size 1024K, 130 young (133120K), 3 survivors (3072K)
 Metaspace       used 108230K, committed 109760K, reserved 557056K
  class space    used 15167K, committed 15872K, reserved 425984K
}

Deoptimization events (20 events):
Event: 68.402 Thread 0x000001b8fd50f910 DEOPT PACKING pc=0x000001b8e95277e4 sp=0x0000000135cf8da0
Event: 68.402 Thread 0x000001b8fd50f910 DEOPT UNPACKING pc=0x000001b8e85623a3 sp=0x0000000135cf8d40 mode 2
Event: 68.402 Thread 0x000001b8fd50f910 Uncommon trap: trap_request=0xffffffd6 fr.pc=0x000001b8e95277e4 relative=0x00000000000003a4
Event: 68.402 Thread 0x000001b8fd50f910 Uncommon trap: reason=array_check action=maybe_recompile pc=0x000001b8e95277e4 method=java.util.AbstractCollection.toArray([Ljava/lang/Object;)[Ljava/lang/Object; @ 116 c2
Event: 68.402 Thread 0x000001b8fd50f910 DEOPT PACKING pc=0x000001b8e95277e4 sp=0x0000000135cf8da0
Event: 68.402 Thread 0x000001b8fd50f910 DEOPT UNPACKING pc=0x000001b8e85623a3 sp=0x0000000135cf8d40 mode 2
Event: 69.566 Thread 0x000001b8fd50f910 Uncommon trap: trap_request=0xffffffbe fr.pc=0x000001b8e94dcf7c relative=0x000000000000035c
Event: 69.566 Thread 0x000001b8fd50f910 Uncommon trap: reason=profile_predicate action=maybe_recompile pc=0x000001b8e94dcf7c method=java.util.AbstractCollection.toArray([Ljava/lang/Object;)[Ljava/lang/Object; @ 39 c2
Event: 69.566 Thread 0x000001b8fd50f910 DEOPT PACKING pc=0x000001b8e94dcf7c sp=0x0000000135cf79c0
Event: 69.566 Thread 0x000001b8fd50f910 DEOPT UNPACKING pc=0x000001b8e85623a3 sp=0x0000000135cf7978 mode 2
Event: 71.067 Thread 0x000001b8fd50f910 DEOPT PACKING pc=0x000001b8e24ab8f0 sp=0x0000000135cf62d0
Event: 71.067 Thread 0x000001b8fd50f910 DEOPT UNPACKING pc=0x000001b8e8562b43 sp=0x0000000135cf5730 mode 0
Event: 71.829 Thread 0x000001b8fd50f910 Uncommon trap: trap_request=0xffffff45 fr.pc=0x000001b8e92dfc18 relative=0x0000000000000098
Event: 71.829 Thread 0x000001b8fd50f910 Uncommon trap: reason=unstable_if action=reinterpret pc=0x000001b8e92dfc18 method=com.esotericsoftware.kryo.io.Output.writeByte(B)V @ 8 c2
Event: 71.829 Thread 0x000001b8fd50f910 DEOPT PACKING pc=0x000001b8e92dfc18 sp=0x0000000135cf89e0
Event: 71.829 Thread 0x000001b8fd50f910 DEOPT UNPACKING pc=0x000001b8e85623a3 sp=0x0000000135cf8900 mode 2
Event: 71.945 Thread 0x000001b89c1053d0 Uncommon trap: trap_request=0xffffff45 fr.pc=0x000001b8e8db53cc relative=0x0000000000002a4c
Event: 71.945 Thread 0x000001b89c1053d0 Uncommon trap: reason=unstable_if action=reinterpret pc=0x000001b8e8db53cc method=java.util.concurrent.locks.AbstractQueuedSynchronizer.hasQueuedPredecessors()Z @ 33 c2
Event: 71.945 Thread 0x000001b89c1053d0 DEOPT PACKING pc=0x000001b8e8db53cc sp=0x0000000139cfd3e0
Event: 71.945 Thread 0x000001b89c1053d0 DEOPT UNPACKING pc=0x000001b8e85623a3 sp=0x0000000139cfce68 mode 2

Classes unloaded (0 events):
No events

Classes redefined (0 events):
No events

Internal exceptions (20 events):
Event: 70.142 Thread 0x000001b8fd50f910 Exception <a 'java/lang/ClassNotFoundException'{0x0000000097f86498}: build_71t30ammsnvdve8be11sr8g8iBeanInfo> (0x0000000097f86498) 
thrown [s\open\src\hotspot\share\classfile\systemDictionary.cpp, line 256]
Event: 70.142 Thread 0x000001b8fd50f910 Exception <a 'java/lang/ClassNotFoundException'{0x0000000097f8d630}: build_71t30ammsnvdve8be11sr8g8iCustomizer> (0x0000000097f8d630) 
thrown [s\open\src\hotspot\share\classfile\systemDictionary.cpp, line 256]
Event: 70.162 Thread 0x000001b8fd50f910 Exception <a 'java/lang/ClassNotFoundException'{0x0000000097eb3de0}: build_71t30ammsnvdve8be11sr8g8iBeanInfo> (0x0000000097eb3de0) 
thrown [s\open\src\hotspot\share\classfile\systemDictionary.cpp, line 256]
Event: 70.162 Thread 0x000001b8fd50f910 Exception <a 'java/lang/ClassNotFoundException'{0x0000000097ebaf08}: build_71t30ammsnvdve8be11sr8g8iCustomizer> (0x0000000097ebaf08) 
thrown [s\open\src\hotspot\share\classfile\systemDictionary.cpp, line 256]
Event: 70.204 Thread 0x000001b8fd50f910 Exception <a 'java/lang/ClassNotFoundException'{0x0000000097cb7a40}: build_71t30ammsnvdve8be11sr8g8i$_run_closure1BeanInfo> (0x0000000097cb7a40) 
thrown [s\open\src\hotspot\share\classfile\systemDictionary.cpp, line 256]
Event: 70.205 Thread 0x000001b8fd50f910 Exception <a 'java/lang/ClassNotFoundException'{0x0000000097cc3328}: build_71t30ammsnvdve8be11sr8g8i$_run_closure1Customizer> (0x0000000097cc3328) 
thrown [s\open\src\hotspot\share\classfile\systemDictionary.cpp, line 256]
Event: 71.546 Thread 0x000001b8fd50f910 Exception <a 'java/lang/ClassNotFoundException'{0x0000000097a790d0}: java/io/BufferedInputStreamBeanInfo> (0x0000000097a790d0) 
thrown [s\open\src\hotspot\share\classfile\systemDictionary.cpp, line 256]
Event: 71.546 Thread 0x000001b8fd50f910 Exception <a 'java/lang/ClassNotFoundException'{0x0000000097a86850}: java/io/FilterInputStreamBeanInfo> (0x0000000097a86850) 
thrown [s\open\src\hotspot\share\classfile\systemDictionary.cpp, line 256]
Event: 71.547 Thread 0x000001b8fd50f910 Exception <a 'java/lang/ClassNotFoundException'{0x0000000097a90828}: java/io/InputStreamBeanInfo> (0x0000000097a90828) 
thrown [s\open\src\hotspot\share\classfile\systemDictionary.cpp, line 256]
Event: 71.547 Thread 0x000001b8fd50f910 Exception <a 'java/lang/ClassNotFoundException'{0x0000000097a9a7c8}: java/io/InputStreamCustomizer> (0x0000000097a9a7c8) 
thrown [s\open\src\hotspot\share\classfile\systemDictionary.cpp, line 256]
Event: 71.549 Thread 0x000001b8fd50f910 Exception <a 'java/lang/ClassNotFoundException'{0x0000000097aabcb8}: java/io/FilterInputStreamCustomizer> (0x0000000097aabcb8) 
thrown [s\open\src\hotspot\share\classfile\systemDictionary.cpp, line 256]
Event: 71.550 Thread 0x000001b8fd50f910 Exception <a 'java/lang/ClassNotFoundException'{0x0000000097abd8e8}: java/io/BufferedInputStreamCustomizer> (0x0000000097abd8e8) 
thrown [s\open\src\hotspot\share\classfile\systemDictionary.cpp, line 256]
Event: 71.566 Thread 0x000001b8fd50f910 Exception <a 'java/lang/ClassNotFoundException'{0x000000009781c8b0}: org/gradle/api/internal/artifacts/dependencies/DefaultExternalModuleDependency_DecoratedBeanInfo> (0x000000009781c8b0) 
thrown [s\open\src\hotspot\share\classfile\systemDictionary.cpp, line 256]
Event: 71.569 Thread 0x000001b8fd50f910 Exception <a 'java/lang/ClassNotFoundException'{0x0000000097838380}: org/gradle/api/internal/artifacts/dependencies/DefaultExternalModuleDependencyBeanInfo> (0x0000000097838380) 
thrown [s\open\src\hotspot\share\classfile\systemDictionary.cpp, line 256]
Event: 71.571 Thread 0x000001b8fd50f910 Exception <a 'java/lang/ClassNotFoundException'{0x0000000097854018}: org/gradle/api/internal/artifacts/dependencies/AbstractExternalModuleDependencyBeanInfo> (0x0000000097854018) 
thrown [s\open\src\hotspot\share\classfile\systemDictionary.cpp, line 256]
Event: 71.572 Thread 0x000001b8fd50f910 Exception <a 'java/lang/ClassNotFoundException'{0x000000009786fcf0}: org/gradle/api/internal/artifacts/dependencies/AbstractExternalModuleDependencyCustomizer> (0x000000009786fcf0) 
thrown [s\open\src\hotspot\share\classfile\systemDictionary.cpp, line 256]
Event: 71.574 Thread 0x000001b8fd50f910 Exception <a 'java/lang/ClassNotFoundException'{0x000000009789be80}: org/gradle/api/internal/artifacts/dependencies/DefaultExternalModuleDependencyCustomizer> (0x000000009789be80) 
thrown [s\open\src\hotspot\share\classfile\systemDictionary.cpp, line 256]
Event: 71.576 Thread 0x000001b8fd50f910 Exception <a 'java/lang/ClassNotFoundException'{0x00000000978c35f0}: org/gradle/api/internal/artifacts/dependencies/DefaultExternalModuleDependency_DecoratedCustomizer> (0x00000000978c35f0) 
thrown [s\open\src\hotspot\share\classfile\systemDictionary.cpp, line 256]
Event: 71.651 Thread 0x000001b8fd50f910 Exception <a 'java/lang/ClassNotFoundException'{0x00000000974f84d8}: build_69jlouwhjtkn349i2holp3fuqBeanInfo> (0x00000000974f84d8) 
thrown [s\open\src\hotspot\share\classfile\systemDictionary.cpp, line 256]
Event: 71.652 Thread 0x000001b8fd50f910 Exception <a 'java/lang/ClassNotFoundException'{0x00000000974ff670}: build_69jlouwhjtkn349i2holp3fuqCustomizer> (0x00000000974ff670) 
thrown [s\open\src\hotspot\share\classfile\systemDictionary.cpp, line 256]

VM Operations (20 events):
Event: 66.916 Executing VM operation: G1CollectForAllocation done
Event: 67.445 Executing VM operation: G1Concurrent
Event: 67.458 Executing VM operation: G1Concurrent done
Event: 67.675 Executing VM operation: G1CollectForAllocation
Event: 67.701 Executing VM operation: G1CollectForAllocation done
Event: 67.767 Executing VM operation: G1Concurrent
Event: 67.767 Executing VM operation: G1Concurrent done
Event: 68.769 Executing VM operation: Cleanup
Event: 68.769 Executing VM operation: Cleanup done
Event: 69.166 Executing VM operation: G1CollectForAllocation
Event: 69.194 Executing VM operation: G1CollectForAllocation done
Event: 69.259 Executing VM operation: G1CollectForAllocation
Event: 69.281 Executing VM operation: G1CollectForAllocation done
Event: 70.196 Executing VM operation: HandshakeAllThreads
Event: 70.196 Executing VM operation: HandshakeAllThreads done
Event: 71.198 Executing VM operation: Cleanup
Event: 71.198 Executing VM operation: Cleanup done
Event: 72.211 Executing VM operation: Cleanup
Event: 72.211 Executing VM operation: Cleanup done
Event: 72.292 Executing VM operation: G1CollectForAllocation

Events (20 events):
Event: 71.546 loading class java/io/FilterInputStreamBeanInfo done
Event: 71.546 loading class java/io/FilterInputStreamBeanInfo
Event: 71.546 loading class java/io/FilterInputStreamBeanInfo done
Event: 71.547 loading class java/io/InputStreamBeanInfo
Event: 71.547 loading class java/io/InputStreamBeanInfo done
Event: 71.547 loading class java/io/InputStreamBeanInfo
Event: 71.547 loading class java/io/InputStreamBeanInfo done
Event: 71.547 loading class java/io/InputStreamCustomizer
Event: 71.547 loading class java/io/InputStreamCustomizer done
Event: 71.547 loading class java/io/InputStreamCustomizer
Event: 71.547 loading class java/io/InputStreamCustomizer done
Event: 71.548 loading class java/io/FilterInputStreamCustomizer
Event: 71.548 loading class java/io/FilterInputStreamCustomizer done
Event: 71.549 loading class java/io/FilterInputStreamCustomizer
Event: 71.549 loading class java/io/FilterInputStreamCustomizer done
Event: 71.549 loading class java/io/BufferedInputStreamCustomizer
Event: 71.549 loading class java/io/BufferedInputStreamCustomizer done
Event: 71.550 loading class java/io/BufferedInputStreamCustomizer
Event: 71.550 loading class java/io/BufferedInputStreamCustomizer done
Event: 71.610 Thread 0x000001b89c1cb2a0 Thread added: 0x000001b89c1cb2a0


Dynamic libraries:
0x00007ff7a68b0000 - 0x00007ff7a68c0000 	C:\Program Files\Java\jdk-17\bin\java.exe
0x00007ffd679b0000 - 0x00007ffd67ba8000 	C:\Windows\SYSTEM32\ntdll.dll
0x00007ffd66a30000 - 0x00007ffd66af2000 	C:\Windows\System32\KERNEL32.DLL
0x00007ffd65050000 - 0x00007ffd6534e000 	C:\Windows\System32\KERNELBASE.dll
0x00007ffd65790000 - 0x00007ffd65890000 	C:\Windows\System32\ucrtbase.dll
0x00007ffd5fe80000 - 0x00007ffd5fe99000 	C:\Program Files\Java\jdk-17\bin\jli.dll
0x00007ffd66b70000 - 0x00007ffd66c21000 	C:\Windows\System32\ADVAPI32.dll
0x00007ffd67250000 - 0x00007ffd672ee000 	C:\Windows\System32\msvcrt.dll
0x00007ffd5f560000 - 0x00007ffd5f57b000 	C:\Program Files\Java\jdk-17\bin\VCRUNTIME140.dll
0x00007ffd66860000 - 0x00007ffd668ff000 	C:\Windows\System32\sechost.dll
0x00007ffd65b50000 - 0x00007ffd65c73000 	C:\Windows\System32\RPCRT4.dll
0x00007ffd653d0000 - 0x00007ffd653f7000 	C:\Windows\System32\bcrypt.dll
0x00007ffd66f40000 - 0x00007ffd670dd000 	C:\Windows\System32\USER32.dll
0x00007ffd653a0000 - 0x00007ffd653c2000 	C:\Windows\System32\win32u.dll
0x00007ffd65c80000 - 0x00007ffd65cab000 	C:\Windows\System32\GDI32.dll
0x00007ffd65600000 - 0x00007ffd65717000 	C:\Windows\System32\gdi32full.dll
0x00007ffd50050000 - 0x00007ffd502ea000 	C:\Windows\WinSxS\amd64_microsoft.windows.common-controls_6595b64144ccf1df_6.0.19041.4355_none_60b8b9eb71f62e16\COMCTL32.dll
0x00007ffd65560000 - 0x00007ffd655fd000 	C:\Windows\System32\msvcp_win.dll
0x00007ffd64bd0000 - 0x00007ffd64bda000 	C:\Windows\SYSTEM32\VERSION.dll
0x00007ffd67190000 - 0x00007ffd671bf000 	C:\Windows\System32\IMM32.DLL
0x00000000773b0000 - 0x00000000773bc000 	C:\Program Files (x86)\360\Total Security\safemon\SafeWrapper.dll
0x00007ffd2d180000 - 0x00007ffd2d22c000 	C:\Program Files (x86)\360\Total Security\safemon\libzdtp64.dll
0x00007ffd660f0000 - 0x00007ffd6685d000 	C:\Windows\System32\SHELL32.dll
0x00007ffd66090000 - 0x00007ffd660e5000 	C:\Windows\System32\SHLWAPI.dll
0x00007ffd5fd80000 - 0x00007ffd5fd8c000 	C:\Program Files\Java\jdk-17\bin\vcruntime140_1.dll
0x00007ffd4e300000 - 0x00007ffd4e38e000 	C:\Program Files\Java\jdk-17\bin\msvcp140.dll
0x00007ffcec530000 - 0x00007ffced110000 	C:\Program Files\Java\jdk-17\bin\server\jvm.dll
0x00007ffd67170000 - 0x00007ffd67178000 	C:\Windows\System32\PSAPI.DLL
0x00007ffd55aa0000 - 0x00007ffd55aa9000 	C:\Windows\SYSTEM32\WSOCK32.dll
0x00007ffd4dac0000 - 0x00007ffd4dae7000 	C:\Windows\SYSTEM32\WINMM.dll
0x00007ffd670e0000 - 0x00007ffd6714b000 	C:\Windows\System32\WS2_32.dll
0x00007ffd62e20000 - 0x00007ffd62e32000 	C:\Windows\SYSTEM32\kernel.appcore.dll
0x00007ffd55a90000 - 0x00007ffd55a9a000 	C:\Program Files\Java\jdk-17\bin\jimage.dll
0x00007ffd41a00000 - 0x00007ffd41be4000 	C:\Windows\SYSTEM32\DBGHELP.DLL
0x00007ffd41720000 - 0x00007ffd41754000 	C:\Windows\SYSTEM32\dbgcore.DLL
0x00007ffd65890000 - 0x00007ffd65912000 	C:\Windows\System32\bcryptPrimitives.dll
0x00007ffd55a00000 - 0x00007ffd55a0e000 	C:\Program Files\Java\jdk-17\bin\instrument.dll
0x00007ffd3daa0000 - 0x00007ffd3dac5000 	C:\Program Files\Java\jdk-17\bin\java.dll
0x00007ffd311a0000 - 0x00007ffd31277000 	C:\Program Files\Java\jdk-17\bin\jsvml.dll
0x00007ffd63020000 - 0x00007ffd637c4000 	C:\Windows\SYSTEM32\windows.storage.dll
0x00007ffd65d30000 - 0x00007ffd66083000 	C:\Windows\System32\combase.dll
0x00007ffd64930000 - 0x00007ffd6495e000 	C:\Windows\SYSTEM32\Wldp.dll
0x00007ffd66e70000 - 0x00007ffd66f3d000 	C:\Windows\System32\OLEAUT32.dll
0x00007ffd66d10000 - 0x00007ffd66dbd000 	C:\Windows\System32\SHCORE.dll
0x00007ffd64f80000 - 0x00007ffd64fa4000 	C:\Windows\SYSTEM32\profapi.dll
0x00007ffd4e2e0000 - 0x00007ffd4e2f8000 	C:\Program Files\Java\jdk-17\bin\zip.dll
0x00007ffd45030000 - 0x00007ffd45049000 	C:\Program Files\Java\jdk-17\bin\net.dll
0x00007ffd59830000 - 0x00007ffd5993d000 	C:\Windows\SYSTEM32\WINHTTP.dll
0x00007ffd64710000 - 0x00007ffd6477a000 	C:\Windows\system32\mswsock.dll
0x00007ffd38840000 - 0x00007ffd38856000 	C:\Program Files\Java\jdk-17\bin\nio.dll
0x00007ffd4ea40000 - 0x00007ffd4ea50000 	C:\Program Files\Java\jdk-17\bin\verify.dll
0x00007ffd4ea50000 - 0x00007ffd4ea77000 	C:\Users\UsEr\.gradle\native\c067742578af261105cb4f569cf0c3c89f3d7b1fecec35dd04571415982c5e48\windows-amd64\native-platform.dll
0x00007ffd273f0000 - 0x00007ffd27534000 	C:\Users\UsEr\.gradle\native\100fb08df4bc3b14c8652ba06237920a3bd2aa13389f12d3474272988ae205f9\windows-amd64\native-platform-file-events.dll
0x00007ffd481b0000 - 0x00007ffd481ba000 	C:\Program Files\Java\jdk-17\bin\management.dll
0x00007ffd47de0000 - 0x00007ffd47deb000 	C:\Program Files\Java\jdk-17\bin\management_ext.dll
0x00007ffd64970000 - 0x00007ffd64988000 	C:\Windows\SYSTEM32\CRYPTSP.dll
0x00007ffd63fe0000 - 0x00007ffd64014000 	C:\Windows\system32\rsaenh.dll
0x00007ffd64f40000 - 0x00007ffd64f6e000 	C:\Windows\SYSTEM32\USERENV.dll
0x00007ffd648a0000 - 0x00007ffd648ac000 	C:\Windows\SYSTEM32\CRYPTBASE.dll
0x00007ffd643c0000 - 0x00007ffd643fb000 	C:\Windows\SYSTEM32\IPHLPAPI.DLL
0x00007ffd67180000 - 0x00007ffd67188000 	C:\Windows\System32\NSI.dll
0x00007ffd5b0f0000 - 0x00007ffd5b107000 	C:\Windows\SYSTEM32\dhcpcsvc6.DLL
0x00007ffd5b0d0000 - 0x00007ffd5b0ed000 	C:\Windows\SYSTEM32\dhcpcsvc.DLL
0x00007ffd64400000 - 0x00007ffd644ca000 	C:\Windows\SYSTEM32\DNSAPI.dll
0x00007ffd43230000 - 0x00007ffd4323e000 	C:\Program Files\Java\jdk-17\bin\sunmscapi.dll
0x00007ffd65400000 - 0x00007ffd6555c000 	C:\Windows\System32\CRYPT32.dll
0x00007ffd64a80000 - 0x00007ffd64aa7000 	C:\Windows\SYSTEM32\ncrypt.dll
0x00007ffd64a40000 - 0x00007ffd64a7b000 	C:\Windows\SYSTEM32\NTASN1.dll
0x00007ffd48d00000 - 0x00007ffd48d07000 	C:\Windows\system32\wshunix.dll
0x00007ffd4da50000 - 0x00007ffd4da67000 	C:\Windows\system32\napinsp.dll
0x00007ffd498a0000 - 0x00007ffd498bb000 	C:\Windows\system32\pnrpnsp.dll
0x00007ffd5feb0000 - 0x00007ffd5fec5000 	C:\Windows\system32\wshbth.dll
0x00007ffd5fd40000 - 0x00007ffd5fd5d000 	C:\Windows\system32\NLAapi.dll
0x00007ffd48df0000 - 0x00007ffd48e02000 	C:\Windows\System32\winrnr.dll
0x00007ffd5cfa0000 - 0x00007ffd5cfaa000 	C:\Windows\System32\rasadhlp.dll
0x00007ffd58cb0000 - 0x00007ffd58d30000 	C:\Windows\System32\fwpuclnt.dll

dbghelp: loaded successfully - version: 4.0.5 - missing functions: none
symbol engine: initialized successfully - sym options: 0x614 - pdb path: .;C:\Program Files\Java\jdk-17\bin;C:\Windows\SYSTEM32;C:\Windows\WinSxS\amd64_microsoft.windows.common-controls_6595b64144ccf1df_6.0.19041.4355_none_60b8b9eb71f62e16;C:\Program Files (x86)\360\Total Security\safemon;C:\Program Files\Java\jdk-17\bin\server;C:\Users\UsEr\.gradle\native\c067742578af261105cb4f569cf0c3c89f3d7b1fecec35dd04571415982c5e48\windows-amd64;C:\Users\UsEr\.gradle\native\100fb08df4bc3b14c8652ba06237920a3bd2aa13389f12d3474272988ae205f9\windows-amd64

VM Arguments:
jvm_args: -XX:MaxMetaspaceSize=512m --add-opens=java.base/java.util=ALL-UNNAMED --add-opens=java.base/java.lang=ALL-UNNAMED --add-opens=java.base/java.lang.invoke=ALL-UNNAMED --add-opens=java.prefs/java.util.prefs=ALL-UNNAMED --add-exports=jdk.compiler/com.sun.tools.javac.api=ALL-UNNAMED --add-exports=jdk.compiler/com.sun.tools.javac.util=ALL-UNNAMED --add-opens=java.base/java.nio.charset=ALL-UNNAMED --add-opens=java.base/java.net=ALL-UNNAMED --add-opens=java.base/java.util.concurrent.atomic=ALL-UNNAMED -Xmx2048m -Dfile.encoding=windows-1252 -Duser.country=ID -Duser.language=en -Duser.variant -javaagent:C:\Users\UsEr\.gradle\wrapper\dists\gradle-8.10.2-all\7iv73wktx1xtkvlq19urqw1wm\gradle-8.10.2\lib\agents\gradle-instrumentation-agent-8.10.2.jar 
java_command: org.gradle.launcher.daemon.bootstrap.GradleDaemon 8.10.2
java_class_path (initial): C:\Users\UsEr\.gradle\wrapper\dists\gradle-8.10.2-all\7iv73wktx1xtkvlq19urqw1wm\gradle-8.10.2\lib\gradle-daemon-main-8.10.2.jar
Launcher Type: SUN_STANDARD

[Global flags]
     intx CICompilerCount                          = 3                                         {product} {ergonomic}
   size_t CompressedClassSpaceSize                 = 436207616                                 {product} {ergonomic}
     uint ConcGCThreads                            = 1                                         {product} {ergonomic}
     uint G1ConcRefinementThreads                  = 4                                         {product} {ergonomic}
   size_t G1HeapRegionSize                         = 1048576                                   {product} {ergonomic}
    uintx GCDrainStackTargetSize                   = 64                                        {product} {ergonomic}
   size_t InitialHeapSize                          = 134217728                                 {product} {ergonomic}
   size_t MarkStackSize                            = 4194304                                   {product} {ergonomic}
   size_t MaxHeapSize                              = 2147483648                                {product} {command line}
   size_t MaxMetaspaceSize                         = 536870912                                 {product} {command line}
   size_t MaxNewSize                               = 1287651328                                {product} {ergonomic}
   size_t MinHeapDeltaBytes                        = 1048576                                   {product} {ergonomic}
   size_t MinHeapSize                              = 8388608                                   {product} {ergonomic}
    uintx NonNMethodCodeHeapSize                   = 5832780                                {pd product} {ergonomic}
    uintx NonProfiledCodeHeapSize                  = 122912730                              {pd product} {ergonomic}
    uintx ProfiledCodeHeapSize                     = 122912730                              {pd product} {ergonomic}
    uintx ReservedCodeCacheSize                    = 251658240                              {pd product} {ergonomic}
     bool SegmentedCodeCache                       = true                                      {product} {ergonomic}
   size_t SoftMaxHeapSize                          = 2147483648                             {manageable} {ergonomic}
     bool UseCompressedClassPointers               = true                           {product lp64_product} {ergonomic}
     bool UseCompressedOops                        = true                           {product lp64_product} {ergonomic}
     bool UseG1GC                                  = true                                      {product} {ergonomic}
     bool UseLargePagesIndividualAllocation        = false                                  {pd product} {ergonomic}

Logging:
Log output configuration:
 #0: stdout all=warning uptime,level,tags
 #1: stderr all=off uptime,level,tags

Environment Variables:
JAVA_HOME=C:\Program Files\Java\jdk-17
CLASSPATH=D:\sikaresoi-react-1\android\\gradle\wrapper\gradle-wrapper.jar
PATH=D:\sikaresoi-react-1\node_modules\.bin;D:\sikaresoi-react-1\node_modules\.bin;D:\node_modules\.bin;C:\Users\UsEr\AppData\Roaming\nvm\v18.8.0\node_modules\npm\node_modules\@npmcli\run-script\lib\node-gyp-bin;D:\sikaresoi-react-1\node_modules\.bin;D:\node_modules\.bin;C:\Users\UsEr\AppData\Roaming\nvm\v18.8.0\node_modules\npm\node_modules\@npmcli\run-script\lib\node-gyp-bin;C:\Program Files\Java\jdk-17\bin;C:\Program Files\Common Files\Oracle\Java\javapath;C:\Program Files (x86)\Common Files\Intel\Shared Files\cpp\bin\Intel64;C:\Windows\system32;C:\Windows;C:\Windows\System32\Wbem;C:\Windows\System32\WindowsPowerShell\v1.0\;C:\Windows\System32\OpenSSH\;C:\Program Files\PuTTY\;C:\Users\UsEr\AppData\Roaming\nvm;C:\Program Files\nodejs;C:\Program Files\Git\cmd;C:\Program Files\dotnet\;C:\Program Files (x86)\Windows Kits\10\Windows Performance Toolkit\;C:\Users\UsEr\AppData\Local\Android\Sdk\platform-tools;C:\gradle-8.12;C:\gradle-8.12\bin;C:\laragon\bin;C:\laragon\bin\apache\httpd-2.4.54-win64-VS16\bin;C:\laragon\bin\composer;C:\laragon\bin\git\bin;C:\laragon\bin\git\cmd;C:\laragon\bin\git\mingw64\bin;C:\laragon\bin\git\usr\bin;C:\laragon\bin\laragon\utils;C:\laragon\bin\mysql\mysql-8.0.30-winx64\bin;C:\laragon\bin\nginx\nginx-1.22.0;C:\laragon\bin\ngrok;C:\laragon\bin\notepad++;C:\laragon\bin\python\python-3.10;C:\laragon\bin\python\python-3.10\Scripts;C:\laragon\bin\redis\redis-x64-5.0.14.1;C:\laragon\bin\telnet;C:\laragon\usr\bin;C:\Users\UsEr\AppData\Local\Yarn\config\global\node_modules\.bin;C:\Users\UsEr\AppData\Roaming\Composer\vendor\bin;C:\Users\UsEr\AppData\Roaming\npm;C:\Users\UsEr\AppData\Local\Programs\Python\Python312\Scripts\;C:\Users\UsEr\AppData\Local\Programs\Python\Python312\;C:\Users\UsEr\AppData\Local\Microsoft\WindowsApps;C:\Users\UsEr\AppData\Roaming\nvm;C:\Program Files\nodejs;C:\Users\UsEr\.dotnet\tools;C:\xampp\php;C:\Users\UsEr\AppData\Local\Programs\Microsoft VS Code\bin;
USERNAME=UsEr
LANG=en_US.UTF-8
OS=Windows_NT
PROCESSOR_IDENTIFIER=Intel64 Family 6 Model 142 Stepping 9, GenuineIntel



---------------  S Y S T E M  ---------------

OS:
 Windows 10 , 64 bit Build 19041 (10.0.19041.5198)
OS uptime: 0 days 16:48 hours
Hyper-V role detected

CPU: total 4 (initial active 4) (2 cores per cpu, 2 threads per core) family 6 model 142 stepping 9 microcode 0xf4, cx8, cmov, fxsr, ht, mmx, 3dnowpref, sse, sse2, sse3, ssse3, sse4.1, sse4.2, popcnt, lzcnt, tsc, tscinvbit, avx, avx2, aes, erms, clmul, bmi1, bmi2, rtm, adx, fma, vzeroupper, clflush, clflushopt, hv

Memory: 4k page, system-wide physical 8072M (1133M free)
TotalPageFile size 16066M (AvailPageFile size 232M)
current process WorkingSet (physical memory assigned to process): 785M, peak: 787M
current process commit charge ("private bytes"): 828M, peak: 1088M

vm_info: Java HotSpot(TM) 64-Bit Server VM (17.0.12+8-LTS-286) for windows-amd64 JRE (17.0.12+8-LTS-286), built on Jun  5 2024 06:46:59 by "mach5one" with MS VC++ 17.6 (VS2022)

END.
